,Date,Ticker,NAV,Share out standing,Asset of class,Asset of fund,Distribution yield,YTM
0,demo,demo,demo,demo,demo,demo,demo,demo
1,2020/7/10,EIMI,29.45,"482,624,707","14,211,807,088","14,551,439,423",2.38,-
2,2020/7/10,IWDA,60.63,"381,473,169","23,129,936,325","23,755,663,599",1.74,-
3,2020/7/10,DPYA,4.57,"20,037,652","91,583,460","2,079,512,040",3.7,-
4,2020/7/10,LQDA,6.37,"371,685,380","2,368,771,851","11,149,116,286",3.09,2.16%
5,2020/7/10,EMCA,5.73,"65,266,066","374,075,268","1,072,518,167",4.54,4.35%
6,2020/7/10,IUAA,5.87,"315,558,764","1,852,771,268","3,376,503,062",2.41,1.14%
7,2020/7/11,EIMI,29.17,"482,624,707","14,077,935,009","14,414,368,083",2.36,-
8,2020/7/11,IWDA,61.14,"381,473,169","23,325,116,610","23,956,121,932",1.75,-
9,2020/7/11,DPYA,4.59,"20,037,652","92,045,836","2,090,010,711",3.74,-
10,2020/7/11,LQDA,6.35,"371,685,380","2,361,425,668","11,114,542,265",3.07,2.12%
11,2020/7/11,EMCA,5.73,"65,266,066","374,182,755","1,072,826,851",4.53,4.34%
12,2020/7/11,IUAA,5.86,"324,558,764","1,903,272,544","3,425,132,712",2.4,1.11%
13,2020/7/12,EIMI,29.17,"482,624,707","14,077,935,009","14,414,368,083",2.36,-
14,2020/7/12,IWDA,61.14,"381,473,169","23,325,116,610","23,956,121,932",1.75,-
15,2020/7/12,DPYA,4.59,"20,037,652","92,045,836","2,090,010,711",3.74,-
16,2020/7/12,LQDA,6.35,"371,685,380","2,361,425,668","11,114,542,265",3.07,2.12%
17,2020/7/12,EMCA,5.73,"65,266,066","374,182,755","1,072,826,851",4.53,4.34%
18,2020/7/12,IUAA,5.86,"324,558,764","1,903,272,544","3,425,132,712",2.4,1.11%
19,2020/7/13,EIMI,29.17,"482,624,707","14,077,935,009","14,414,368,083",2.36,-
20,2020/7/13,IWDA,61.14,"381,473,169","23,325,116,610","23,956,121,932",1.75,-
21,2020/7/13,DPYA,4.59,"20,037,652","92,045,836","2,090,010,711",3.74,-
22,2020/7/13,LQDA,6.35,"371,685,380","2,361,425,668","11,114,542,265",3.07,2.15%
23,2020/7/13,EMCA,5.73,"65,266,066","374,182,755","1,072,826,851",4.53,4.33%
24,2020/7/13,IUAA,5.86,"324,558,764","1,903,272,544","3,425,132,712",2.4,1.14%
25,2020/7/14,EIMI,29.25,"482,624,707","14,117,186,681","14,454,557,787",2.38,-
26,2020/7/14,IWDA,60.99,"381,473,169","23,266,798,882","23,896,220,317",1.74,-
27,2020/7/14,DPYA,4.59,"21,037,652","96,480,697","2,091,157,833",3.72,-
28,2020/7/14,LQDA,6.36,"374,336,182","2,381,929,102","11,287,343,098",3.08,2.15%
29,2020/7/14,EMCA,5.73,"65,363,893","374,768,867","1,072,898,863",4.53,4.33%
30,2020/7/14,IUAA,5.86,"331,558,764","1,944,270,960","3,466,087,954",2.41,1.14%
31,2020/7/19,EIMI,28.85,"482,624,707","13,923,633,460","14,256,379,051",2.43,-
32,2020/7/19,IWDA,62.09,"384,954,173","23,900,370,930","24,573,562,256",1.62,-
33,2020/7/19,DPYA,4.6,"21,062,652","96,897,467","2,093,342,700",3.74,-
34,2020/7/19,LQDA,6.41,"374,862,258","2,402,172,671","11,471,813,188",3.05,2.08%
35,2020/7/19,EMCA,5.75,"65,619,634","377,529,163","1,086,678,376",4.52,4.29%
36,2020/7/19,IUAA,5.88,"340,646,202","2,002,168,819","3,526,967,910",2.4,1.10%
37,2020/7/21,EIMI,29.11,"482,534,707","14,046,970,285","14,385,345,963",2.41,-
38,2020/7/21,IWDA,62.6,"384,894,665","24,094,678,040","24,777,125,502",1.62,-
39,2020/7/21,DPYA,4.55,"21,062,652","95,803,470","2,069,708,237",3.71,-
40,2020/7/21,LQDA,6.43,"376,862,258","2,421,809,052","11,543,520,567",3.05,2.07%
41,2020/7/21,EMCA,5.76,"65,619,634","378,091,925","1,088,298,231",4.52,4.27%
42,2020/7/21,IUAA,5.88,"340,646,202","2,004,131,368","3,530,424,185",2.4,1.12%
43,2020/7/31,EIMI,29.6,"482,403,313","14,279,281,788","14,627,236,590",2.35,-
44,2020/7/31,IWDA,62.38,"385,891,660","24,070,403,853","24,742,336,661",1.63,-
45,2020/7/31,DPYA,4.73,"21,062,652","99,707,994","2,171,986,622",3.61,-
46,2020/7/31,LQDA,6.48,"399,169,608","2,584,666,884","11,678,611,729",3.02,1.97%
47,2020/7/31,EMCA,5.83,"64,742,794","377,338,345","1,111,077,475",4.46,4.01%
48,2020/7/31,IUAA,5.92,"364,886,152","2,158,900,854","3,739,531,026",2.38,1.03%
49,2020/8/2,EIMI,29.53,"482,403,313","14,246,599,284","14,593,757,685",2.35,-
50,2020/8/2,IWDA,62.4,"385,891,660","24,080,533,927","24,752,745,818",1.63,-
51,2020/8/2,DPYA,4.74,"20,972,650","99,399,560","2,174,559,691",3.61,-
52,2020/8/2,LQDA,6.48,"399,966,608","2,592,651,164","11,744,211,862",3.02,1.97%
53,2020/8/2,EMCA,5.84,"64,742,794","377,937,312","1,112,841,101",4.46,4.01%
54,2020/8/2,IUAA,5.92,"364,886,152","2,159,997,737","3,741,430,898",2.38,1.03%
55,2020/8/3,EIMI,29.53,"482,403,313","14,246,599,284","14,593,757,685",2.35,-
56,2020/8/4,EIMI,29.51,"482,903,313","14,249,005,174","14,581,108,885",2.35,-
57,2020/8/4,IWDA,62.92,"386,568,487","24,322,116,909","25,042,679,498",1.62,-
58,2020/8/4,DPYA,4.69,"20,887,447","97,908,128","2,153,198,160",3.61,-
59,2020/8/4,LQDA,6.47,"400,269,727","2,589,741,433","11,758,633,220",3.02,1.96%
60,2020/8/4,EMCA,5.84,"65,143,551","380,497,136","1,113,561,516",4.45,4.03%
61,2020/8/4,IUAA,5.91,"365,193,792","2,159,518,030","3,755,997,388",2.38,1.02%
62,2020/8/5,EIMI,29.83,"482,903,313","14,403,476,931","14,739,180,938",2.35,-
63,2020/8/5,IWDA,63.26,"386,604,883","24,458,177,411","25,180,395,044",1.61,-
64,2020/8/5,DPYA,4.76,"20,887,447","99,492,118","2,183,523,877",3.65,-
65,2020/8/5,LQDA,6.5,"397,525,462","2,585,275,560","11,819,383,536",3.02,1.98%
66,2020/8/5,EMCA,5.86,"65,193,551","381,868,086","1,116,716,553",4.45,4.01%
67,2020/8/5,IUAA,5.93,"366,858,792","2,174,646,061","3,775,399,965",2.39,1.01%
68,2020/8/6,EIMI,30.2,"482,446,522","14,572,036,985","14,925,788,265",2.33,-
69,2020/8/6,IWDA,63.78,"387,039,883","24,685,982,664","25,423,177,718",1.6,-
70,2020/8/6,DPYA,4.79,"20,887,447","99,961,548","2,193,826,250",3.59,-
71,2020/8/6,LQDA,6.5,"394,376,429","2,564,693,107","11,779,134,188",3.01,1.93%
72,2020/8/6,EMCA,5.87,"65,290,551","383,080,841","1,118,598,639",4.44,3.97%
73,2020/8/6,IUAA,5.92,"364,537,463","2,159,062,261","3,782,463,701",2.38,0.97%
74,2020/8/7,EIMI,30.3,"482,446,522","14,619,271,952","14,974,169,911",2.3,-
75,2020/8/7,IWDA,63.9,"387,184,883","24,740,190,574","25,478,726,050",1.59,-
76,2020/8/7,DPYA,4.78,"20,887,447","99,780,292","2,189,848,314",3.57,-
77,2020/8/7,LQDA,6.52,"398,657,442","2,599,137,144","11,845,154,088",3.01,1.93%
78,2020/8/7,EMCA,5.88,"65,590,025","385,574,661","1,120,739,860",4.43,3.95%
79,2020/8/7,IUAA,5.93,"364,987,463","2,164,337,420","3,787,034,785",2.38,0.99%
80,2020/8/8,EIMI,29.87,"482,446,522","14,408,412,430","14,758,191,555",2.29,-
81,2020/8/8,IWDA,63.8,"387,059,883","24,694,827,637","25,440,262,514",1.59,-
82,2020/8/8,DPYA,4.81,"20,887,447","100,449,910","2,204,544,151",3.58,-
83,2020/8/8,LQDA,6.51,"398,657,442","2,595,733,928","11,856,201,473",3,1.91%
84,2020/8/8,EMCA,5.88,"66,090,025","388,750,240","1,133,801,438",4.42,3.93%
85,2020/8/8,IUAA,5.93,"365,912,442","2,168,199,995","3,784,204,181",2.38,0.98%
86,2020/8/9,EIMI,29.87,"482,446,522","14,408,412,430","14,758,191,555",2.29,-
87,2020/8/9,IWDA,63.8,"387,059,883","24,694,827,637","25,440,262,514",1.59,-
88,2020/8/9,DPYA,4.81,"20,887,447","100,449,910","2,204,544,151",3.58,-
89,2020/8/9,LQDA,6.51,"398,657,442","2,595,733,928","11,856,201,473",3,1.91%
90,2020/8/9,EMCA,5.88,"66,090,025","388,750,240","1,133,801,438",4.42,3.93%
91,2020/8/9,IUAA,5.93,"365,912,442","2,168,199,995","3,784,204,181",2.38,0.98%
92,2020/8/10,EIMI,29.87,"482,446,522","14,408,412,430","14,758,191,555",2.29,-
93,2020/8/10,IWDA,63.8,"387,059,883","24,694,827,637","25,440,262,514",1.59,-
94,2020/8/10,DPYA,4.81,"20,887,447","100,449,910","2,204,544,151",3.58,-
95,2020/8/10,LQDA,6.51,"398,657,442","2,595,733,928","11,856,201,473",3,1.92%
96,2020/8/10,EMCA,5.88,"66,090,025","388,750,240","1,133,801,438",4.42,3.91%
97,2020/8/10,IUAA,5.93,"365,912,442","2,168,199,995","3,784,204,181",2.38,1.00%
98,2020/8/11,EIMI,29.8,"482,446,522","14,377,487,935","14,726,516,336",2.33,-
99,2020/8/11,IWDA,63.94,"387,059,883","24,747,522,553","25,494,541,617",1.59,-
100,2020/8/11,DPYA,4.83,"20,887,447","100,916,955","2,214,793,882",3.55,-
101,2020/8/11,LQDA,6.5,"399,457,442","2,598,343,743","11,854,974,439",3,1.92%
102,2020/8/11,EMCA,5.88,"66,090,025","388,896,979","1,134,230,221",4.42,3.91%
103,2020/8/11,IUAA,5.92,"368,904,808","2,184,389,523","3,792,192,328",2.38,1.00%
104,2020/8/12,EIMI,29.93,"482,446,522","14,438,518,667","14,789,028,652",2.33,-
105,2020/8/12,IWDA,63.9,"387,059,883","24,734,673,099","25,481,302,511",1.58,-
106,2020/8/12,DPYA,4.81,"20,887,447","100,510,475","2,207,034,840",3.54,-
107,2020/8/12,LQDA,6.45,"399,732,442","2,579,858,063","11,857,289,964",3.01,1.92%
108,2020/8/12,EMCA,5.89,"66,010,249","388,723,616","1,135,093,897",4.42,3.91%
109,2020/8/12,IUAA,5.9,"368,904,808","2,174,804,058","3,775,550,986",2.38,1.00%
110,2020/8/13,EIMI,29.98,"482,446,522","14,463,149,064","14,814,256,978",2.32,-
111,2020/8/13,IWDA,64.78,"387,059,883","25,075,191,689","25,832,097,808",1.58,-
112,2020/8/13,DPYA,4.84,"20,977,447","101,579,988","2,220,949,587",3.55,-
113,2020/8/13,LQDA,6.45,"399,732,442","2,576,545,149","11,852,577,463",3.03,1.99%
114,2020/8/13,EMCA,5.88,"67,610,249","397,765,307","1,149,485,035",4.41,3.88%
115,2020/8/13,IUAA,5.89,"369,640,739","2,177,231,457","3,772,239,087",2.39,1.08%
116,2020/8/14,EIMI,30.05,"482,446,522","14,496,902,491","14,848,829,804",2.32,-
117,2020/8/14,IWDA,64.76,"387,639,883","25,101,792,232","25,858,365,344",1.56,-
118,2020/8/14,DPYA,4.8,"20,977,447","100,642,132","2,185,013,240",3.53,-
119,2020/8/14,LQDA,6.41,"402,379,170","2,577,520,731","11,776,470,752",3.04,2.00%
120,2020/8/14,EMCA,5.88,"70,259,508","413,423,501","1,170,323,423",4.42,3.90%
121,2020/8/15,EIMI,30.05,"482,446,522","14,496,902,491","14,848,829,804",2.31,-
122,2020/8/15,IWDA,64.76,"387,639,883","25,101,792,232","25,858,365,344",1.57,-
123,2020/8/15,DPYA,4.8,"20,977,447","100,642,132","2,185,013,240",4.4,-
124,2020/8/15,LQDA,6.41,"402,379,170","2,577,520,731","11,776,470,752",3.05,2.06%
125,2020/8/15,EMCA,5.88,"70,259,508","413,423,501","1,170,323,423",4.42,3.90%
126,2020/8/15,IUAA,5.87,"369,640,739","2,170,299,473","3,762,606,679",2.4,1.11%
127,2020/8/16,EIMI,29.97,"482,369,232","14,456,907,786","14,810,236,873",2.31,-
128,2020/8/16,IWDA,64.6,"387,639,883","25,042,387,309","25,797,168,056",1.57,-
129,2020/8/16,DPYA,4.79,"20,977,447","100,542,288","2,182,845,527",4.4,-
130,2020/8/16,LQDA,6.38,"402,158,171","2,567,109,096","11,774,398,918",3.05,2.06%
131,2020/8/16,EMCA,5.88,"70,224,434","412,591,560","1,168,551,667",4.42,3.90%
132,2020/8/16,IUAA,5.87,"369,640,739","2,170,299,473","3,770,388,389",2.4,1.11%
133,2020/8/17,EIMI,29.97,"482,369,232","14,456,907,786","14,810,236,873",2.31,-
134,2020/8/17,IWDA,64.6,"387,639,883","25,042,387,309","25,797,168,056",1.57,-
135,2020/8/17,DPYA,4.79,"20,977,447","100,542,288","2,182,845,527",4.4,-
136,2020/8/17,LQDA,6.38,"402,158,171","2,567,109,096","11,774,398,918",3.05,2.08%
137,2020/8/17,EMCA,5.88,"70,224,434","412,591,560","1,168,551,667",4.42,3.92%
138,2020/8/17,IUAA,5.87,"369,640,739","2,170,299,473","3,770,388,389",2.4,1.12%
139,2020/8/18,EIMI,30.14,"482,369,232","14,537,360,962","14,892,656,337",2.32,-
140,2020/8/18,IWDA,64.87,"387,579,125","25,140,643,012","25,902,453,005",1.57,-
141,2020/8/18,DPYA,4.82,"20,977,447","101,090,241","2,194,741,770",4.4,-
142,2020/8/18,LQDA,6.38,"402,388,171","2,568,034,108","11,748,484,240",3.06,2.08%
143,2020/8/18,EMCA,5.88,"70,164,843","412,288,277","1,168,685,665",4.42,3.92%
144,2020/8/18,IUAA,5.88,"369,640,739","2,171,652,437","3,772,734,841",2.4,1.12%
145,2020/8/19,EIMI,30.26,"482,369,232","14,597,574,237","14,954,341,233",2.31,-
146,2020/8/19,IWDA,65.02,"387,615,672","25,201,620,768","25,962,829,651",1.56,-
147,2020/8/19,DPYA,4.79,"20,977,447","100,551,876","2,183,053,314",3.31,-
148,2020/8/19,LQDA,6.38,"402,388,171","2,567,563,336","11,761,942,757",3.07,2.08%
149,2020/8/19,EMCA,5.87,"70,066,416","411,590,843","1,168,347,679",4.42,3.91%
150,2020/8/19,IUAA,5.88,"369,640,739","2,172,790,661","3,774,710,105",2.4,1.10%
151,2020/8/20,EIMI,30.14,"482,369,232","14,539,556,544","14,894,905,579",2.3,-
152,2020/8/20,IWDA,64.89,"387,615,672","25,153,054,847","25,912,793,413",1.56,-
153,2020/8/20,DPYA,4.72,"20,977,447","99,104,663","2,151,633,066",3.32,-
154,2020/8/20,LQDA,6.38,"402,388,171","2,565,897,568","11,767,320,012",3.07,2.08%
155,2020/8/20,EMCA,5.88,"70,066,416","411,748,701","1,168,797,308",4.42,3.92%
156,2020/8/20,IUAA,5.88,"371,950,739","2,185,839,619","3,773,794,318",2.4,1.09%
157,2020/8/21,EIMI,29.62,"482,369,232","14,287,048,135","14,636,225,824",2.31,-
158,2020/8/21,IWDA,64.75,"387,615,672","25,098,092,166","25,856,169,163",1.57,-
159,2020/8/21,DPYA,4.77,"20,977,447","100,153,461","2,147,499,465",3.37,-
160,2020/8/21,LQDA,6.39,"398,980,604","2,550,754,903","11,889,058,626",3.07,2.08%
161,2020/8/21,EMCA,5.88,"70,066,416","411,813,466","1,168,981,175",4.42,3.90%
162,2020/8/21,IUAA,5.88,"372,329,728","2,190,925,708","3,778,725,509",2.4,1.09%
163,2020/8/22,EIMI,29.93,"482,715,751","14,448,431,915","14,790,928,541",2.35,-
164,2020/8/22,IWDA,64.83,"387,615,672","25,130,003,534","25,889,043,256",1.57,-
165,2020/8/22,DPYA,4.79,"20,977,447","100,412,747","2,153,059,129",3.34,-
166,2020/8/22,LQDA,6.4,"398,980,604","2,553,916,632","11,914,399,350",3.06,2.07%
167,2020/8/22,EMCA,5.88,"70,216,416","412,940,079","1,179,984,902",4.42,3.91%
168,2020/8/22,IUAA,5.89,"372,329,728","2,191,852,595","3,780,326,287",2.4,1.08%
169,2020/8/23,EIMI,29.93,"482,715,751","14,448,431,915","14,790,928,541",2.35,-
170,2020/8/23,IWDA,64.83,"387,615,672","25,130,003,534","25,889,043,256",1.57,-
171,2020/8/23,DPYA,4.79,"20,977,447","100,412,747","2,153,059,129",3.34,-
172,2020/8/23,LQDA,6.4,"398,980,604","2,553,916,632","11,914,399,350",3.06,2.07%
173,2020/8/23,EMCA,5.88,"70,216,416","412,940,079","1,179,984,902",4.42,3.91%
174,2020/8/23,IUAA,5.89,"372,329,728","2,191,852,595","3,780,326,287",2.4,1.08%
175,2020/8/24,EIMI,29.93,"482,715,751","14,448,431,915","14,790,928,541",2.35,-
176,2020/8/24,IWDA,64.83,"387,615,672","25,130,003,534","25,889,043,256",1.57,-
177,2020/8/24,DPYA,4.79,"20,977,447","100,412,747","2,153,059,129",3.34,-
178,2020/8/24,LQDA,6.4,"398,980,604","2,553,916,632","11,914,399,350",3.06,2.06%
179,2020/8/24,EMCA,5.88,"70,216,416","412,940,079","1,179,984,902",4.42,3.90%
180,2020/8/24,IUAA,5.89,"372,329,728","2,191,852,595","3,780,326,287",2.4,1.08%
181,2020/8/25,EIMI,30.37,"482,715,751","14,661,001,614","15,008,537,155",2.32,-
182,2020/8/25,IWDA,65.51,"387,615,672","25,394,447,108","26,161,467,735",1.56,-
183,2020/8/25,DPYA,4.83,"20,977,447","101,365,842","2,209,802,220",3.33,-
184,2020/8/25,LQDA,6.41,"396,635,656","2,540,541,554","11,888,110,288",3.06,2.06%
185,2020/8/25,EMCA,5.88,"70,616,416","415,572,357","1,180,779,884",4.42,3.90%
186,2020/8/25,IUAA,5.89,"372,429,728","2,192,035,521","3,813,514,084",2.4,1.08%
187,2020/8/26,EIMI,30.55,"482,715,751","14,748,787,390","15,098,403,871",2.29,-
188,2020/8/26,IWDA,65.68,"387,615,672","25,457,226,751","26,226,141,514",1.55,-
189,2020/8/26,DPYA,4.83,"21,090,447","101,944,841","2,210,516,801",3.3,-
190,2020/8/26,LQDA,6.38,"396,539,351","2,531,113,994","11,879,412,868",3.05,2.05%
191,2020/8/26,EMCA,5.88,"70,541,416","415,068,685","1,180,602,742",4.42,3.88%
192,2020/8/26,IUAA,5.88,"372,716,607","2,189,791,804","3,806,678,020",2.4,1.09%
193,2020/8/27,EIMI,30.67,"482,715,751","14,807,089,146","15,158,087,657",2.27,-
194,2020/8/27,IWDA,66.3,"387,534,326","25,693,965,910","26,475,604,133",1.54,-
195,2020/8/27,DPYA,4.81,"21,016,163","101,144,453","2,200,915,262",3.3,-
196,2020/8/27,LQDA,6.37,"390,743,088","2,488,046,016","11,778,580,324",3.06,2.08%
197,2020/8/27,EMCA,5.88,"71,017,156","417,614,788","1,190,200,030",4.42,3.88%
198,2020/8/27,IUAA,5.87,"372,818,607","2,188,879,450","3,804,049,591",2.4,1.11%
199,2020/8/28,EIMI,30.62,"482,715,751","14,780,742,167","15,131,116,129",2.27,-
200,2020/8/28,IWDA,66.22,"387,824,326","25,680,134,836","26,460,764,721",1.53,-
201,2020/8/28,DPYA,4.84,"21,016,163","101,678,411","2,212,533,975",3.31,-
202,2020/8/28,LQDA,6.32,"391,043,088","2,472,991,731","11,698,327,921",3.07,2.10%
203,2020/8/28,EMCA,5.88,"71,157,452","418,442,877","1,190,208,760",4.42,3.89%
204,2020/8/28,IUAA,5.85,"370,007,826","2,165,589,801","3,792,163,905",2.4,1.11%
205,2020/8/30,EIMI,30.76,"482,715,751","14,846,894,915","15,198,837,012",2.27,-
206,2020/8/30,IWDA,66.6,"387,824,326","25,830,758,647","26,615,964,880",1.53,-
207,2020/8/30,DPYA,4.88,"21,016,163","102,622,593","2,233,079,376",3.29,-
208,2020/8/30,LQDA,6.33,"390,728,088","2,473,957,305","11,663,913,089",3.09,2.15%
209,2020/8/30,EMCA,5.88,"71,157,452","418,309,812","1,189,830,255",4.42,3.89%
210,2020/8/30,IUAA,5.86,"372,027,826","2,178,910,372","3,806,485,614",2.41,1.14%
211,2020/8/31,EIMI,30.76,"482,715,751","14,846,894,915","15,198,837,012",2.27,-
212,2020/8/31,IWDA,66.6,"387,824,326","25,830,758,647","26,615,964,880",1.53,-
213,2020/8/31,DPYA,4.88,"21,016,163","102,622,593","2,233,079,376",3.29,-
214,2020/8/31,LQDA,6.33,"390,728,088","2,473,957,305","11,663,913,089",3.09,2.13%
215,2020/8/31,EMCA,5.88,"71,157,452","418,309,812","1,189,830,255",4.42,3.90%
216,2020/8/31,IUAA,5.86,"372,027,826","2,178,910,372","3,806,485,614",2.41,1.12%
217,2020/9/1,EIMI,30.76,"482,715,751","14,846,894,915","15,198,837,012",2.26,-
218,2020/9/1,IWDA,66.6,"387,824,326","25,830,758,647","26,615,964,880",1.53,-
219,2020/9/1,DPYA,4.88,"21,016,163","102,622,593","2,233,079,376",3.26,-
220,2020/9/1,LQDA,6.33,"390,728,088","2,473,957,305","11,663,913,089",3.09,2.13%
221,2020/9/1,EMCA,5.88,"71,157,452","418,309,812","1,189,830,255",4.42,3.90%
222,2020/9/1,IUAA,5.86,"372,027,826","2,178,910,372","3,806,485,614",2.41,1.12%
223,2020/9/5,EIMI,30.47,"482,715,751","14,707,825,555","15,056,471,045",2.28,-
224,2020/9/5,IWDA,65.79,"387,956,924","25,522,142,234","26,309,095,891",1.54,-
225,2020/9/5,DPYA,4.89,"21,016,163","102,708,979","2,203,671,238",3.26,-
226,2020/9/5,LQDA,6.44,"390,224,902","2,512,583,304","11,946,288,669",3.04,2.01%
227,2020/9/5,EMCA,5.91,"70,994,434","419,911,288","1,295,079,149",4.39,3.80%
228,2020/9/5,IUAA,5.9,"375,728,011","2,217,201,805","3,655,633,341",2.39,1.04%
229,2020/9/6,EIMI,30.22,"482,715,751","14,587,518,608","14,933,312,251",2.28,-
230,2020/9/6,IWDA,65.08,"387,956,924","25,247,415,595","26,025,895,993",1.54,-
231,2020/9/7,EIMI,30.22,"482,715,751","14,587,518,608","14,933,312,251",2.28,-
232,2020/9/7,IWDA,65.08,"387,956,924","25,247,415,595","26,025,895,993",1.54,-
233,2020/9/7,DPYA,4.84,"21,256,163","102,803,536","2,180,795,262",3.26,-
234,2020/9/7,LQDA,6.36,"389,924,902","2,478,611,129","11,780,871,031",3.04,2.12%
235,2020/9/7,EMCA,5.9,"70,994,434","419,133,302","1,292,679,543",4.39,3.83%
236,2020/9/7,IUAA,5.87,"376,392,477","2,208,052,940","3,634,121,424",2.39,1.11%
237,2020/9/8,EIMI,30.1,"482,715,751","14,528,216,299","14,872,604,195",2.3,-
238,2020/9/8,IWDA,65.31,"387,956,924","25,336,667,282","26,136,412,261",1.56,-
239,2020/9/8,DPYA,4.85,"21,256,163","103,035,104","2,185,707,219",3.29,-
240,2020/9/8,LQDA,6.36,"391,424,902","2,488,341,271","11,807,716,960",3.08,2.12%
241,2020/9/8,EMCA,5.9,"71,744,434","423,599,481","1,292,763,261",4.4,3.83%
242,2020/9/8,IUAA,5.87,"381,026,389","2,235,263,747","3,644,721,868",2.4,1.11%
243,2020/9/9,EIMI,29.9,"482,715,751","14,435,087,641","14,777,267,945",2.31,-
244,2020/9/9,IWDA,63.85,"387,956,924","24,772,513,886","25,554,449,229",1.55,-
245,2020/9/9,DPYA,4.81,"21,256,163","102,179,921","2,167,565,895",3.29,-
246,2020/9/9,LQDA,6.36,"391,424,902","2,490,716,066","11,818,985,763",3.08,2.11%
247,2020/9/9,EMCA,5.9,"71,744,434","423,397,594","1,292,147,767",4.4,3.84%
248,2020/9/9,IUAA,5.87,"381,026,389","2,238,465,911","3,649,942,762",2.4,1.08%
249,2020/9/10,EIMI,29.86,"482,715,751","14,412,154,188","14,753,790,860",2.31,-
250,2020/9/10,IWDA,64.92,"387,956,924","25,187,588,791","25,982,622,452",1.55,-
251,2020/9/10,DPYA,4.83,"21,256,163","102,743,514","2,179,521,169",3.29,-
252,2020/9/10,LQDA,6.35,"389,640,602","2,475,318,716","11,760,812,923",3.08,2.12%
253,2020/9/10,EMCA,5.9,"72,064,434","425,011,666","1,317,169,688",4.4,3.84%
254,2020/9/10,IUAA,5.87,"381,084,489","2,236,330,011","3,645,903,401",2.4,1.10%
255,2020/9/11,EIMI,29.85,"482,569,377","14,404,519,126","14,750,447,610",2.33,-
256,2020/9/12,EIMI,30.01,"482,569,377","14,481,718,612","14,829,501,063",2.33,-
257,2020/9/12,IWDA,64.23,"388,066,924","24,926,568,213","25,706,161,452",1.58,-
258,2020/9/12,DPYA,4.76,"21,256,163","101,180,819","2,148,741,122",3.32,-
259,2020/9/12,LQDA,6.38,"391,660,152","2,499,660,569","11,809,989,732",3.07,2.10%
260,2020/9/12,EMCA,5.9,"72,314,434","426,910,753","1,349,656,804",4.4,3.82%
261,2020/9/12,IUAA,5.88,"380,752,688","2,238,864,065","3,653,216,695",2.4,1.08%
262,2020/9/15,EIMI,30.37,"482,407,621","14,649,664,850","15,006,510,825",2.32,-
263,2020/9/15,IWDA,65.01,"388,066,924","25,226,859,631","26,015,838,096",1.58,-
264,2020/9/15,DPYA,4.85,"21,256,163","103,050,711","2,188,451,031",3.35,-
265,2020/9/15,LQDA,6.39,"391,660,152","2,503,332,255","11,736,100,739",3.07,2.08%
266,2020/9/15,EMCA,5.9,"72,363,677","427,187,067","1,349,607,856",4.4,3.83%
267,2020/9/15,IUAA,5.88,"380,752,688","2,239,272,882","3,653,882,080",2.4,1.08%
268,2020/9/16,EIMI,30.6,"482,396,027","14,761,194,556","15,121,120,646",0.67,-
269,2020/9/16,IWDA,65.32,"387,941,471","25,340,869,776","26,141,874,659",1.56,-
270,2020/9/17,EIMI,30.72,"482,380,569","14,818,198,265","15,180,000,728",0.67,-
271,2020/9/17,IWDA,65.2,"387,950,471","25,294,423,647","26,093,349,890",1.55,-
272,2020/9/17,DPYA,4.93,"21,256,163","104,733,519","2,224,191,605",3.26,-
273,2020/9/18,EIMI,30.46,"482,380,569","14,693,313,326","15,050,212,106",2,-
274,2020/9/18,IWDA,64.66,"388,507,007","25,120,889,551","25,933,593,745",1.56,-
275,2020/9/18,DPYA,4.88,"21,256,163","103,661,400","2,201,423,525",3.27,-
276,2020/9/18,LQDA,6.41,"389,350,435","2,494,990,998","11,569,692,085",2.27,2.07%
277,2020/9/18,EMCA,5.9,"73,693,141","434,580,973","1,354,399,596",4.41,3.84%
278,2020/9/18,IUAA,5.88,"383,764,505","2,256,396,642","3,675,561,070",2.4,1.09%
279,2020/9/19,EIMI,30.52,"482,380,569","14,722,555,604","15,080,164,675",2,-
280,2020/9/19,IWDA,64.24,"388,652,007","24,966,106,951","25,773,499,827",1.57,-
281,2020/9/19,DPYA,4.79,"21,256,163","101,730,808","2,160,424,015",3.27,-
282,2020/9/19,LQDA,6.39,"389,240,435","2,487,964,090","11,346,172,898",2.95,2.06%
283,2020/9/19,EMCA,5.9,"73,167,033","431,398,693","1,354,142,806",4.41,3.85%
284,2020/9/19,IUAA,5.87,"383,764,505","2,254,330,466","3,672,194,786",2.4,1.08%
285,2020/9/21,EIMI,30.52,"482,380,569","14,722,555,604","15,080,164,675",1.99,-
286,2020/9/21,IWDA,64.24,"388,652,007","24,966,106,951","25,773,499,827",1.57,-
287,2020/9/21,DPYA,4.79,"21,256,163","101,730,808","2,160,424,015",3.33,-
288,2020/9/21,LQDA,6.39,"389,240,435","2,487,964,090","11,346,172,898",2.95,2.07%
289,2020/9/21,EMCA,5.9,"73,167,033","431,398,693","1,354,142,806",4.41,3.85%
290,2020/9/21,IUAA,5.87,"383,764,505","2,254,330,466","3,672,194,786",2.4,1.11%
291,2020/9/22,EIMI,30,"482,380,569","14,473,048,429","14,824,597,001",1.99,-
292,2020/9/22,IWDA,63.19,"388,652,007","24,559,406,891","25,353,641,319",1.58,-
293,2020/9/22,DPYA,4.63,"21,256,163","98,519,935","2,092,235,605",3.33,-
294,2020/9/22,LQDA,6.38,"386,791,706","2,468,319,030","11,133,975,088",2.96,2.07%
295,2020/9/22,EMCA,5.88,"72,468,512","425,979,547","1,350,043,248",4.41,3.85%
296,2020/9/22,IUAA,5.88,"383,764,505","2,254,668,148","3,672,743,558",2.4,1.11%
297,2020/9/25,EIMI,29.07,"482,380,569","14,024,902,343","14,365,565,502",2.09,-
298,2020/9/27,EIMI,29.07,"482,380,569","14,024,902,343","14,365,565,502",2.09,-
299,2020/9/27,EIMI,29.07,"482,380,569","14,024,902,343","14,365,565,502",2.09,-
300,2020/9/27,IWDA,62.4,"389,636,881","24,314,306,380","25,100,509,594",1.62,-
301,2020/9/27,DPYA,4.56,"20,195,696","92,070,973","2,022,103,687",3.49,-
302,2020/9/27,LQDA,6.35,"388,917,887","2,470,916,876","10,969,821,704",2.98,2.15%
303,2020/9/27,EMCA,5.85,"72,748,512","425,303,598","1,352,935,771",4.44,4.05%
304,2020/9/27,IUAA,5.87,"381,491,720","2,240,395,101","3,624,736,896",2.4,1.10%
305,2020/9/28,EIMI,29.11,"482,380,569","14,041,980,306","14,383,058,287",2.09,-
306,2020/9/28,IWDA,63.13,"390,071,881","24,623,707,971","25,419,025,488",1.62,-
307,2020/9/28,DPYA,4.61,"20,195,696","93,166,393","2,046,161,709",3.49,-
308,2020/9/28,LQDA,6.33,"385,797,611","2,441,212,004","10,864,403,515",2.98,2.19%
309,2020/9/28,EMCA,5.84,"72,748,512","424,957,952","1,351,834,985",4.45,4.08%
310,2020/9/28,IUAA,5.87,"381,491,720","2,238,921,295","3,622,351,926",2.4,1.12%
311,2020/9/29,EIMI,29.43,"482,380,569","14,196,673,257","14,541,508,710",2.09,-
312,2020/9/29,IWDA,64.2,"390,071,881","25,042,934,370","25,851,786,395",1.6,-
313,2020/9/29,DPYA,4.71,"19,465,696","91,752,153","2,099,529,307",3.45,-
314,2020/9/29,LQDA,6.33,"385,087,275","2,438,884,522","10,842,429,991",2.99,2.18%
315,2020/9/29,EMCA,5.84,"72,748,512","425,177,050","1,352,530,988",4.45,4.06%
316,2020/9/29,IUAA,5.87,"381,491,720","2,238,597,566","3,621,826,598",2.4,1.13%
317,2020/9/30,EIMI,29.41,"482,380,569","14,188,829,497","14,533,474,427",2.07,-
318,2020/9/30,IWDA,64.06,"390,071,881","24,986,764,335","25,793,801,282",1.57,-
319,2020/9/30,DPYA,4.67,"19,633,188","91,702,479","2,076,104,112",3.38,-
320,2020/9/30,LQDA,6.35,"385,521,081","2,448,532,900","10,873,075,871",2.99,2.15%
321,2020/9/30,EMCA,5.85,"72,748,512","425,446,686","1,353,389,545",4.45,4.05%
322,2020/9/30,IUAA,5.87,"381,434,038","2,240,738,335","3,625,839,873",2.4,1.11%
323,2020/9/30,EIMI,29.41,"482,380,569","14,188,829,497","14,533,474,427",2.07,-
324,2020/9/30,IWDA,64.06,"390,071,881","24,986,764,335","25,793,801,282",1.57,-
325,2020/9/30,EIMI,29.41,"482,380,569","14,188,829,497","14,533,474,427",2.07,-
326,2020/9/30,IWDA,64.06,"390,071,881","24,986,764,335","25,793,801,282",1.57,-
327,2020/9/30,DPYA,4.67,"19,633,188","91,702,479","2,076,104,112",3.38,-
328,2020/9/30,LQDA,6.35,"385,521,081","2,448,532,900","10,873,075,871",2.99,2.15%
329,2020/9/30,EMCA,5.85,"72,748,512","425,446,686","1,353,389,545",4.45,4.05%
330,2020/9/30,IUAA,5.87,"381,434,038","2,240,738,335","3,625,839,873",2.4,1.11%
331,2020/10/2,EIMI,29.85,"482,380,569","14,398,841,510","14,748,587,606",2.04,-
332,2020/10/2,IWDA,64.62,"389,991,453","25,200,839,689","26,000,278,477",1.58,-
333,2020/10/2,DPYA,4.77,"19,633,188","93,630,496","2,113,443,038",3.4,-
334,2020/10/2,LQDA,6.35,"385,521,081","2,448,057,411","10,817,947,452",2.98,2.18%
335,2020/10/2,EMCA,5.86,"73,000,875","427,448,075","1,353,352,743",4.44,4.09%
336,2020/10/2,IUAA,5.87,"381,967,710","2,241,724,978","3,613,930,439",2.4,1.14%
337,2020/10/3,EIMI,29.78,"482,380,569","14,363,672,321","14,712,564,162",2.04,-
338,2020/10/3,IWDA,64.14,"388,686,453","24,931,833,871","25,725,391,743",1.57,-
339,2020/10/3,DPYA,4.82,"19,633,188","94,683,241","2,137,205,595",3.34,-
340,2020/10/3,LQDA,6.34,"385,521,081","2,443,239,491","10,767,133,492",2.98,2.16%
341,2020/10/3,EMCA,5.85,"73,000,875","427,388,434","1,353,163,030",4.44,4.05%
342,2020/10/3,IUAA,5.86,"382,033,953","2,240,227,990","3,610,883,884",2.4,1.12%
343,2020/10/7,EIMI,30.35,"482,380,569","14,638,906,845","14,994,484,098",2.02,-
344,2020/10/7,IWDA,64.7,"388,686,453","25,147,179,456","25,947,582,210",1.55,-
345,2020/10/7,DPYA,4.86,"19,633,188","95,400,297","2,153,390,800",3.28,-
346,2020/10/7,LQDA,6.36,"385,573,363","2,450,686,026","10,744,397,823",2.99,2.14%
347,2020/10/7,EMCA,5.87,"73,000,875","428,294,496","1,356,025,953",4.44,3.98%
348,2020/10/7,IUAA,5.86,"382,884,726","2,243,110,721","3,618,789,265",2.41,1.13%
349,2020/10/8,EIMI,30.48,"482,380,569","14,705,339,860","15,062,530,763",2,-
350,2020/10/8,IWDA,65.43,"388,686,453","25,430,967,823","26,240,401,069",1.57,-
351,2020/10/8,DPYA,4.84,"19,633,188","95,078,073","2,146,117,425",3.28,-
352,2020/10/8,LQDA,6.33,"385,765,098","2,443,090,472","10,778,885,903",2.98,2.17%
353,2020/10/8,EMCA,5.87,"73,000,875","428,488,666","1,356,640,720",4.43,4.00%
354,2020/10/8,IUAA,5.85,"382,884,726","2,238,538,666","3,611,412,809",2.41,1.15%
355,2020/10/9,EIMI,30.74,"482,380,569","14,830,410,233","15,190,639,079",2,-
356,2020/10/9,IWDA,65.93,"388,686,453","25,625,495,690","26,441,118,817",1.55,-
357,2020/10/9,DPYA,4.9,"19,633,188","96,153,189","2,170,385,085",3.29,-
358,2020/10/9,LQDA,6.35,"383,765,098","2,438,195,392","10,768,325,314",2.99,2.14%
359,2020/10/9,EMCA,5.89,"72,825,507","428,608,154","1,360,265,263",4.43,3.95%
360,2020/10/9,IUAA,5.85,"383,146,922","2,243,143,976","3,628,039,691",2.41,1.14%
361,2020/10/10,EIMI,30.88,"482,380,569","14,894,261,403","15,256,041,187",1.98,-
362,2020/10/10,IWDA,66.48,"388,746,745","25,844,043,821","26,662,495,391",1.54,-
363,2020/10/10,DPYA,4.88,"19,848,188","96,866,954","2,162,811,302",3.25,-
364,2020/10/11,EIMI,30.88,"482,380,569","14,894,261,403","15,256,041,187",1.98,-
365,2020/10/11,IWDA,66.48,"388,746,745","25,844,043,821","26,662,495,391",1.54,-
366,2020/10/11,EIMI,30.88,"482,380,569","14,894,261,403","15,256,041,187",1.98,-
367,2020/10/11,IWDA,66.48,"388,746,745","25,844,043,821","26,662,495,391",1.54,-
368,2020/10/11,DPYA,4.88,"19,848,188","96,866,954","2,162,811,302",3.25,-
369,2020/10/11,LQDA,6.35,"384,765,098","2,444,981,923","10,823,002,829",2.98,2.14%
370,2020/10/12,EIMI,30.88,"482,380,569","14,894,261,403","15,256,041,187",-,-
371,2020/10/12,IWDA,66.48,"388,746,745","25,844,043,821","26,662,495,391",1.54,-
372,2020/10/12,DPYA,4.88,"19,848,188","96,866,954","2,162,811,302",3.25,-
373,2020/10/12,LQDA,6.35,"384,765,098","2,444,981,923","10,823,002,829",2.98,2.14%
374,2020/10/12,EMCA,5.89,"72,825,507","429,277,362","1,362,390,400",4.41,3.91%
375,2020/10/12,IUAA,5.85,"383,146,922","2,242,629,231","3,627,207,156",2.41,1.15%
376,2020/10/13,EIMI,31.25,"482,380,569","15,073,876,142","15,440,018,746",1.95,-
377,2020/10/13,IWDA,67.3,"388,746,745","26,162,750,708","26,991,287,159",1.53,-
378,2020/10/13,DPYA,4.9,"19,848,188","97,326,308","2,173,067,248",3.25,-
379,2020/10/13,LQDA,6.35,"384,965,098","2,446,439,062","10,849,557,458",2.98,2.14%
380,2020/10/13,EMCA,5.89,"72,476,382","427,226,145","1,362,477,283",4.41,3.92%
381,2020/10/13,IUAA,5.85,"383,190,685","2,242,952,645","3,627,321,452",2.41,1.15%
382,2020/10/14,EIMI,31.22,"482,380,569","15,062,106,164","15,427,962,877",1.95,-
383,2020/10/14,IWDA,66.93,"388,746,745","26,016,949,777","26,840,865,322",1.51,-
384,2020/10/14,DPYA,4.84,"19,848,188","96,117,078","2,146,067,789",3.25,-
385,2020/10/14,LQDA,6.39,"384,965,098","2,460,603,742","10,912,373,318",2.98,2.09%
386,2020/10/14,EMCA,5.9,"72,476,382","427,925,262","1,364,706,901",4.4,3.89%
387,2020/10/14,IUAA,5.87,"383,190,685","2,248,805,931","3,636,786,577",2.41,1.12%
388,2020/10/15,EIMI,31.2,"482,380,569","15,052,311,880","15,417,930,690",1.95,-
389,2020/10/16,EIMI,30.8,"482,380,569","14,858,445,754","15,219,355,581",1.95,-
390,2020/10/16,IWDA,66.16,"388,746,745","25,720,496,501","26,532,267,477",1.52,-
391,2020/10/16,DPYA,4.8,"19,848,188","95,210,596","2,125,828,127",3.32,-
392,2020/10/16,LQDA,6.38,"384,775,155","2,454,585,691","10,807,075,269",2.96,2.09%
393,2020/10/16,EMCA,5.9,"71,102,745","419,305,807","1,362,925,690",4.4,3.90%
394,2020/10/16,IUAA,5.87,"381,952,510","2,241,037,556","3,635,973,489",2.4,1.12%
395,2020/10/18,EIMI,30.89,"482,380,569","14,900,279,240","15,262,205,196",1.97,-
396,2020/10/18,IWDA,66.28,"388,746,745","25,764,528,215","26,577,688,318",1.88,-
397,2020/10/18,DPYA,4.74,"19,848,188","94,047,682","2,099,863,053",3.32,-
398,2020/10/18,LQDA,6.39,"380,737,305","2,431,046,021","10,759,479,133",2.97,2.11%
399,2020/10/18,EMCA,5.9,"71,102,745","419,496,708","1,349,061,344",4.41,3.94%
400,2020/10/18,IUAA,5.87,"381,952,510","2,240,755,324","3,635,516,744",2.4,1.13%
401,2020/10/19,EIMI,30.89,"482,380,569","14,900,279,240","15,262,205,196",1.97,-
402,2020/10/19,IWDA,66.28,"388,746,745","25,764,528,215","26,577,688,318",1.88,-
403,2020/10/19,DPYA,4.74,"19,848,188","94,047,682","2,099,863,053",3.32,-
404,2020/10/19,LQDA,6.39,"380,737,305","2,431,046,021","10,759,479,133",2.97,2.10%
405,2020/10/19,EMCA,5.9,"71,102,745","419,496,708","1,349,061,344",4.4,3.92%
406,2020/10/19,IUAA,5.87,"381,952,510","2,240,755,324","3,635,516,744",2.4,1.13%
407,2020/10/20,EIMI,30.98,"482,380,569","14,943,466,701","15,306,441,676",1.97,-
408,2020/10/20,IWDA,65.67,"388,844,000","25,534,165,760","26,333,494,540",1.88,-
409,2020/10/20,DPYA,4.71,"19,848,188","93,486,394","2,087,330,636",3.36,-
410,2020/10/20,LQDA,6.38,"380,232,555","2,425,165,252","10,623,047,034",2.96,2.11%
411,2020/10/20,EMCA,5.9,"71,102,745","419,330,114","1,348,526,081",4.4,3.94%
412,2020/10/20,IUAA,5.86,"381,952,510","2,238,841,937","3,632,410,983",2.4,1.15%
413,2020/10/21,EIMI,31.16,"482,380,569","15,033,293,924","15,398,450,791",1.96,-
414,2020/10/21,IWDA,65.8,"388,684,000","25,576,643,977","26,388,217,243",1.48,-
415,2020/10/21,DPYA,4.73,"19,848,188","93,870,238","2,095,900,781",3.38,-
416,2020/10/21,LQDA,6.35,"380,043,819","2,414,146,876","10,616,060,102",2.97,2.11%
417,2020/10/21,EMCA,5.9,"71,312,282","420,486,995","1,348,269,891",4.41,3.94%
418,2020/10/21,IUAA,5.85,"382,240,919","2,235,884,635","3,624,873,047",2.41,1.15%
419,2020/10/22,EIMI,31.28,"482,304,518","15,085,710,666","15,454,577,264",1.95,-
420,2020/10/22,IWDA,65.67,"388,684,000","25,524,475,945","26,334,392,145",1.48,-
421,2020/10/22,DPYA,4.73,"20,449,188","96,694,534","2,086,626,027",3.37,-
422,2020/10/22,LQDA,6.35,"374,319,573","2,375,952,896","10,580,884,769",2.98,2.15%
423,2020/10/22,EMCA,5.89,"71,312,282","420,202,582","1,347,351,867",4.41,3.93%
424,2020/10/22,IUAA,5.85,"379,211,295","2,216,725,238","3,604,984,050",2.41,1.17%
425,2020/10/24,EIMI,31.24,"482,304,518","15,068,143,582","15,436,580,640",1.95,-
426,2020/10/24,IWDA,66.02,"388,542,065","25,651,796,076","26,475,490,758",1.48,-
427,2020/10/24,DPYA,4.77,"20,449,188","97,474,532","2,103,457,651",3.36,-
428,2020/10/24,LQDA,6.35,"365,881,533","2,322,211,578","10,520,927,509",2.99,2.17%
429,2020/10/24,EMCA,5.89,"71,312,282","419,970,490","1,346,607,810",4.41,3.93%
430,2020/10/24,IUAA,5.84,"379,211,295","2,215,393,863","3,602,815,328",2.42,1.18%
431,2020/10/25,EIMI,31.24,"482,304,518","15,068,143,582","15,436,580,640",1.95,-
432,2020/10/25,IWDA,66.02,"388,542,065","25,651,796,076","26,475,490,758",1.48,-
433,2020/10/25,DPYA,4.77,"20,449,188","97,474,532","2,103,457,651",3.36,-
434,2020/10/25,LQDA,6.35,"365,881,533","2,322,211,578","10,520,927,509",2.99,2.17%
435,2020/10/25,EMCA,5.89,"71,312,282","419,970,490","1,346,607,810",4.41,3.93%
436,2020/10/25,IUAA,5.84,"379,211,295","2,215,393,863","3,602,815,328",2.42,1.18%
437,2020/10/26,EIMI,31.24,"482,304,518","15,068,143,582","15,436,580,640",1.95,-
438,2020/10/26,IWDA,66.02,"388,542,065","25,651,796,076","26,475,490,758",1.48,-
439,2020/10/26,DPYA,4.77,"20,449,188","97,474,532","2,103,457,651",3.36,-
440,2020/10/26,LQDA,6.35,"365,881,533","2,322,211,578","10,520,927,509",2.99,2.15%
441,2020/10/26,EMCA,5.89,"71,312,282","419,970,490","1,346,607,810",4.41,3.95%
442,2020/10/26,IUAA,5.84,"379,211,295","2,215,393,863","3,602,815,328",2.42,1.17%
443,2020/10/28,EIMI,31.14,"482,304,518","15,018,054,829","15,385,267,147",1.96,-
444,2020/10/28,IWDA,64.69,"388,552,355","25,137,063,787","25,943,538,765",1.5,-
445,2020/10/28,DPYA,4.63,"20,486,755","94,757,599","2,041,075,892",3.39,-
446,2020/10/28,LQDA,6.38,"362,452,236","2,313,012,769","10,586,123,197",2.97,2.13%
447,2020/10/28,EMCA,5.89,"71,312,282","419,921,409","1,346,451,057",4.41,3.96%
448,2020/10/28,IUAA,5.86,"378,934,076","2,220,790,945","3,583,803,315",2.41,1.16%
449,2020/10/29,EIMI,30.78,"482,510,501","14,852,481,373","15,209,149,616",1.95,-
450,2020/10/29,IWDA,62.65,"388,552,355","24,344,083,441","25,125,114,250",1.51,-
451,2020/10/29,DPYA,4.51,"20,486,755","92,369,535","1,989,636,931",3.44,-
452,2020/10/29,LQDA,6.36,"362,452,236","2,306,758,809","10,542,029,326",2.96,2.10%
453,2020/10/29,EMCA,5.88,"71,312,282","419,194,779","1,344,119,082",4.41,3.96%
454,2020/10/29,IUAA,5.86,"378,164,985","2,214,899,692","3,581,564,241",2.41,1.16%
455,2020/10/31,EIMI,30.3,"482,516,604","14,622,070,947","14,973,016,710",1.98,-
456,2020/10/31,IWDA,62.29,"386,691,275","24,088,103,422","24,872,159,270",1.54,-
457,2020/10/31,DPYA,4.53,"20,486,755","92,799,835","1,998,905,592",3.5,-
458,2020/10/31,LQDA,6.32,"361,976,651","2,288,366,659","10,277,196,449",2.99,2.18%
459,2020/10/31,EMCA,5.86,"68,631,749","402,111,530","1,293,657,595",4.43,4.04%
460,2020/10/31,IUAA,5.84,"377,972,711","2,206,982,585","3,570,578,037",2.41,1.18%
461,2020/11/1,EIMI,30.3,"482,516,604","14,622,070,947","14,973,016,710",1.98,-
462,2020/11/1,IWDA,62.29,"386,691,275","24,088,103,422","24,872,159,270",1.54,-
463,2020/11/1,DPYA,4.53,"20,486,755","92,799,835","1,998,905,592",3.5,-
464,2020/11/1,LQDA,6.32,"361,976,651","2,288,366,659","10,277,196,449",2.99,2.18%
465,2020/11/1,EMCA,5.86,"68,631,749","402,111,530","1,293,657,595",4.43,4.04%
466,2020/11/1,IUAA,5.84,"377,972,711","2,206,982,585","3,570,578,037",2.41,1.18%
467,2020/11/2,EIMI,30.3,"482,516,604","14,622,070,947","14,973,016,710",1.98,-
468,2020/11/2,IWDA,62.29,"386,691,275","24,088,103,422","24,872,159,270",1.54,-
469,2020/11/2,DPYA,4.53,"20,486,755","92,799,835","1,998,905,592",3.5,-
470,2020/11/2,LQDA,6.32,"361,976,651","2,288,366,659","10,277,196,449",2.99,2.20%
471,2020/11/2,EMCA,5.86,"68,631,749","402,111,530","1,293,657,595",4.43,4.08%
472,2020/11/2,IUAA,5.84,"377,972,711","2,206,982,585","3,570,578,037",2.41,1.20%
473,2020/11/3,EIMI,30.59,"482,417,426","14,757,857,075","15,115,168,693",2.01,-
474,2020/11/3,IWDA,63.09,"386,691,275","24,395,929,315","25,188,330,983",1.56,-
475,2020/11/3,DPYA,4.62,"20,486,755","94,554,066","2,036,596,373",3.52,-
476,2020/11/3,LQDA,6.34,"361,882,567","2,293,749,875","10,224,275,860",2.99,2.20%
477,2020/11/3,EMCA,5.86,"68,631,749","401,883,111","1,291,436,706",4.44,4.08%
478,2020/11/3,IUAA,5.84,"377,972,711","2,208,641,858","3,590,121,726",2.42,1.20%
479,2020/11/4,EIMI,30.79,"482,371,652","14,850,386,316","15,211,381,552",1.99,-
480,2020/11/4,IWDA,64.37,"385,821,275","24,835,647,756","25,644,148,515",1.54,-
481,2020/11/4,DPYA,4.73,"20,486,755","96,847,493","2,085,994,306",3.45,-
482,2020/11/4,LQDA,6.33,"361,072,439","2,287,351,205","10,083,910,525",2.98,2.18%
483,2020/11/4,EMCA,5.86,"69,031,749","404,851,233","1,293,438,010",-,4.09%
484,2020/11/4,IUAA,5.84,"377,949,138","2,206,425,051","3,586,740,594",2.41,1.16%
485,2020/11/5,EIMI,31.17,"482,371,652","15,036,099,891","15,401,609,604",1.98,-
486,2020/11/5,IWDA,65.65,"385,776,275","25,326,959,828","26,154,513,779",1.51,-
487,2020/11/5,DPYA,4.75,"20,486,755","97,253,449","2,097,014,284",3.37,-
488,2020/11/5,LQDA,6.42,"360,614,857","2,313,398,086","10,235,057,794",2.99,2.19%
489,2020/11/5,EMCA,5.89,"69,081,744","407,059,079","1,299,523,476",4.43,4.05%
490,2020/11/5,IUAA,5.87,"377,949,138","2,219,637,644","3,608,224,614",2.42,1.18%
491,2020/11/6,EIMI,32.02,"482,371,652","15,443,572,818","15,818,987,713",1.95,-
492,2020/11/6,IWDA,67.02,"385,816,754","25,857,326,423","26,699,398,885",1.48,-
493,2020/11/6,DPYA,4.8,"20,486,755","98,275,157","2,119,044,834",3.36,-
494,2020/11/6,LQDA,6.44,"361,777,205","2,331,343,570","10,176,904,127",2.95,2.08%
495,2020/11/6,EMCA,5.92,"69,081,744","408,935,340","1,305,515,656",4.41,3.97%
496,2020/11/6,IUAA,5.88,"377,949,138","2,222,074,959","3,612,187,547",2.4,1.08%
497,2020/11/7,EIMI,32.28,"482,371,652","15,573,023,341","15,951,585,024",1.9,-
498,2020/11/7,IWDA,67.12,"385,871,754","25,899,059,371","26,738,673,756",1.46,-
499,2020/11/7,DPYA,4.76,"20,486,755","97,611,147","2,104,726,873",3.32,-
500,2020/11/7,LQDA,6.43,"361,890,961","2,328,124,531","10,172,673,366",2.94,2.04%
501,2020/11/7,EMCA,5.92,"69,081,744","408,737,589","1,304,871,748",4.39,3.88%
502,2020/11/7,IUAA,5.87,"377,949,138","2,217,479,014","3,604,710,551",2.4,1.08%
503,2020/11/8,EIMI,32.28,"482,371,652","15,573,023,341","15,951,585,024",1.9,-
504,2020/11/8,IWDA,67.12,"385,871,754","25,899,059,371","26,738,673,756",1.46,-
505,2020/11/8,DPYA,4.76,"20,486,755","97,611,147","2,104,726,873",3.32,-
506,2020/11/8,LQDA,6.43,"361,890,961","2,328,124,531","10,172,673,366",2.94,2.04%
507,2020/11/8,EMCA,5.92,"69,081,744","408,737,589","1,304,871,748",4.39,3.88%
508,2020/11/8,IUAA,5.87,"377,949,138","2,217,479,014","3,604,710,551",2.4,1.08%
509,2020/11/9,EIMI,32.28,"482,371,652","15,573,023,341","15,951,585,024",1.9,-
510,2020/11/9,IWDA,67.12,"385,871,754","25,899,059,371","26,738,673,756",1.46,-
511,2020/11/9,DPYA,4.76,"20,486,755","97,611,147","2,104,726,873",3.32,-
512,2020/11/9,LQDA,6.43,"361,890,961","2,328,124,531","10,172,673,366",2.94,2.06%
513,2020/11/9,EMCA,5.92,"69,081,744","408,737,589","1,304,871,748",4.39,3.89%
514,2020/11/9,IUAA,5.87,"377,949,138","2,217,479,014","3,604,710,551",2.4,1.11%
515,2020/11/10,EIMI,32.75,"482,371,652","15,796,048,732","16,180,031,897",1.88,-
516,2020/11/10,IWDA,68,"385,921,754","26,240,885,538","27,088,038,409",1.46,-
517,2020/11/10,DPYA,4.96,"20,426,950","101,276,657","2,185,503,479",3.34,-
518,2020/11/10,LQDA,6.4,"361,890,961","2,317,319,394","10,099,524,631",2.94,2.06%
519,2020/11/10,EMCA,5.94,"68,453,082","406,307,391","1,309,037,294",4.39,3.89%
520,2020/11/10,IUAA,5.84,"377,949,138","2,206,666,311","3,587,129,767",2.4,1.11%
521,2020/11/11,EIMI,32.43,"482,386,652","15,644,333,319","16,024,130,168",1.86,-
522,2020/11/11,IWDA,68.14,"385,921,754","26,297,420,555","27,146,395,737",1.44,-
523,2020/11/11,DPYA,5.09,"20,426,950","104,064,651","2,245,666,959",3.21,-
524,2020/11/11,LQDA,6.39,"361,029,552","2,305,948,571","10,073,945,242",2.95,2.10%
525,2020/11/11,EMCA,5.94,"67,833,904","402,739,498","1,309,403,001",4.38,3.81%
526,2020/11/11,IUAA,5.83,"377,893,540","2,204,820,539","3,584,656,671",2.42,1.18%
527,2020/11/12,EIMI,32.42,"482,386,652","15,636,955,325","16,016,573,059",1.88,-
528,2020/11/12,IWDA,68.72,"385,921,754","26,519,830,166","27,375,980,909",1.43,-
529,2020/11/12,DPYA,5.12,"20,098,243","102,835,758","2,255,444,094",3.13,-
530,2020/11/12,LQDA,6.39,"360,583,982","2,303,301,632","10,054,116,157",2.96,2.13%
531,2020/11/12,EMCA,5.94,"68,003,904","403,795,396","1,319,967,489",4.38,3.80%
532,2020/11/12,IUAA,5.83,"374,000,739","2,182,227,138","3,569,904,274",2.42,1.18%
533,2020/11/15,EIMI,32.65,"482,264,590","15,748,296,509","16,134,700,046",1.87,-
534,2020/11/15,IWDA,68.76,"384,611,754","26,446,957,157","27,313,973,856",1.43,-
535,2020/11/15,DPYA,5.12,"20,038,243","102,555,689","2,248,389,005",3.77,-
536,2020/11/15,LQDA,6.42,"359,583,982","2,308,414,133","10,091,446,135",2.95,2.09%
537,2020/11/15,EMCA,5.96,"68,679,542","409,449,873","1,325,280,791",4.36,3.74%
538,2020/11/15,IUAA,5.86,"373,712,328","2,189,682,751","3,575,197,908",3.33,1.14%
539,2020/11/16,EIMI,32.65,"482,264,590","15,748,296,509","16,134,700,046",1.87,-
540,2020/11/16,IWDA,68.76,"384,611,754","26,446,957,157","27,313,973,856",1.43,-
541,2020/11/16,DPYA,5.12,"20,038,243","102,555,689","2,248,389,005",3.77,-
542,2020/11/16,LQDA,6.42,"359,583,982","2,308,414,133","10,091,446,135",2.95,2.09%
543,2020/11/16,EMCA,5.96,"68,679,542","409,449,873","1,325,280,791",4.36,3.73%
544,2020/11/16,IUAA,5.86,"373,712,328","2,189,682,751","3,575,197,908",3.33,1.14%
545,2020/11/18,EIMI,33.04,"482,264,590","15,932,100,121","16,323,013,502",1.84,-
546,2020/11/18,IWDA,69.56,"384,611,754","26,754,657,365","27,631,740,820",1.4,-
547,2020/11/18,DPYA,5.22,"19,977,198","104,356,256","2,294,853,038",2.96,-
548,2020/11/18,LQDA,6.45,"358,446,299","2,312,360,748","10,138,823,008",2.94,2.08%
549,2020/11/18,EMCA,5.97,"68,539,246","409,379,973","1,327,763,486",4.35,3.69%
550,2020/11/19,EIMI,33.21,"482,264,590","16,017,685,352","16,410,698,671",1.84,-
551,2020/11/19,IWDA,69.16,"384,768,617","26,611,604,854","27,472,743,001",1.41,-
552,2020/11/19,DPYA,5.16,"19,977,198","103,065,029","2,266,457,932",2.95,-
553,2020/11/20,EIMI,33.03,"482,590,931","15,941,656,234","16,321,759,255",1.83,-
554,2020/11/20,IWDA,69.25,"384,022,897","26,591,886,217","27,455,474,386",1.42,-
555,2020/11/20,DPYA,5.16,"19,977,198","103,013,378","2,265,321,947",2.99,-
556,2020/11/20,LQDA,6.49,"357,409,442","2,319,905,409","10,126,498,564",2.93,2.02%
557,2020/11/20,EMCA,5.99,"68,813,494","412,099,454","1,347,005,799",4.34,3.64%
558,2020/11/20,IUAA,5.88,"369,349,667","2,173,359,891","3,566,034,993",2.06,1.12%
559,2020/11/21,EIMI,33.03,"482,590,931","15,941,656,234","16,321,759,255",1.84,-
560,2020/11/21,IWDA,69.25,"384,022,897","26,591,886,217","27,455,474,386",1.41,-
561,2020/11/21,DPYA,5.16,"19,977,198","103,013,378","2,265,321,947",2.99,-
562,2020/11/21,LQDA,6.49,"357,409,442","2,319,905,409","10,126,498,564",2.91,2.01%
563,2020/11/21,EMCA,5.99,"68,813,494","412,099,454","1,347,005,799",4.34,3.64%
564,2020/11/21,IUAA,5.88,"369,349,667","2,173,359,891","3,566,034,993",2.05,1.09%
565,2020/11/22,EIMI,33.27,"482,590,931","16,056,132,568","16,438,965,093",1.84,-
566,2020/11/22,IWDA,69.07,"383,941,741","26,520,294,519","27,387,330,033",1.41,-
567,2020/11/22,DPYA,5.15,"19,977,198","102,946,949","2,263,861,213",2.99,-
568,2020/11/22,LQDA,6.51,"356,611,973","2,321,624,880","10,167,199,366",2.91,2.01%
569,2020/11/22,EMCA,6,"68,813,494","412,542,140","1,348,456,578",4.34,3.64%
570,2020/11/22,IUAA,5.89,"369,349,667","2,176,715,669","3,571,542,491",2.05,1.09%
571,2020/11/23,EIMI,33.27,"482,590,931","16,056,132,568","16,438,965,093",1.84,-
572,2020/11/23,IWDA,69.07,"383,941,741","26,520,294,519","27,387,330,033",1.41,-
573,2020/11/23,DPYA,5.15,"19,977,198","102,946,949","2,263,861,213",2.99,-
574,2020/11/23,LQDA,6.51,"356,611,973","2,321,624,880","10,167,199,366",2.91,1.99%
575,2020/11/23,EMCA,6,"68,813,494","412,542,140","1,348,456,578",4.34,3.61%
576,2020/11/23,IUAA,5.89,"369,349,667","2,176,715,669","3,571,542,491",2.05,1.08%
577,2020/11/27,EIMI,33.85,"481,834,630","16,308,374,836","16,723,429,981",1.81,-
578,2020/11/27,IWDA,70.45,"383,794,639","27,037,648,887","27,932,275,971",1.39,-
579,2020/11/27,DPYA,5.2,"22,183,883","115,447,305","2,306,338,389",2.96,-
580,2020/11/27,LQDA,6.49,"356,467,716","2,315,068,246","10,153,212,433",2.91,2.00%
581,2020/11/27,EMCA,6.01,"69,633,058","418,308,090","1,375,436,560",4.33,3.55%
582,2020/11/27,IUAA,5.88,"366,501,315","2,155,175,003","3,563,697,728",2.05,1.11%
583,2020/11/29,EIMI,33.91,"481,843,785","16,337,934,904","16,753,424,051",1.8,-
584,2020/11/29,IWDA,70.76,"383,794,639","27,156,813,839","28,055,382,480",-,-
585,2020/11/29,DPYA,5.19,"22,183,883","115,035,004","2,298,101,701",2.96,-
586,2020/11/29,LQDA,6.52,"356,467,716","2,324,394,287","10,194,113,397",2.91,2.00%
587,2020/11/29,EMCA,6.01,"69,633,058","418,647,624","1,376,552,637",4.33,3.55%
588,2020/11/29,IUAA,5.89,"366,501,315","2,159,342,363","3,570,588,360",2.05,1.11%
589,2020/11/30,EIMI,33.91,"481,843,785","16,337,934,904","16,753,424,051",1.8,-
590,2020/11/30,IWDA,70.76,"383,794,639","27,156,813,839","28,055,382,480",1.39,-
591,2020/11/30,DPYA,5.19,"22,183,883","115,035,004","2,298,101,701",2.96,-
592,2020/11/30,LQDA,6.52,"356,467,716","2,324,394,287","10,194,113,397",2.91,1.97%
593,2020/11/30,EMCA,6.01,"69,633,058","418,647,624","1,376,552,637",4.33,3.54%
594,2020/11/30,IUAA,5.89,"366,501,315","2,159,342,363","3,570,588,360",2.05,1.09%
595,2020/12/1,EIMI,33.25,"481,843,785","16,022,004,484","16,429,459,220",1.83,-
596,2020/12/1,IWDA,70.27,"384,229,639","26,998,369,761","27,890,676,174",1.39,-
597,2020/12/1,DPYA,5.12,"22,168,883","113,561,103","2,271,430,829",3.01,-
598,2020/12/2,EIMI,33.75,"481,843,785","16,264,271,006","16,677,886,810",1.83,-
599,2020/12/3,EIMI,33.89,"481,843,785","16,329,620,705","16,744,898,413",1.8,-
600,2020/12/3,IWDA,71.12,"385,332,329","27,404,467,442","28,351,948,951",1.38,-
601,2020/12/5,EIMI,34.18,"481,500,480","16,456,805,099","16,887,349,234",1.78,-
602,2020/12/5,IWDA,71.33,"385,720,630","27,511,555,260","28,454,732,830",1.38,-
603,2020/12/5,DPYA,5.21,"22,168,883","115,603,786","2,303,736,371",2.96,-
604,2020/12/5,LQDA,6.53,"354,499,104","2,314,903,096","10,240,370,559",2.9,1.94%
605,2020/12/5,EMCA,6.03,"71,333,058","430,371,586","1,411,967,188",4.31,3.43%
606,2020/12/5,IUAA,5.88,"366,501,315","2,155,996,666","3,575,132,428",2.05,1.09%
607,2020/12/7,EIMI,34.5,"491,850,480","16,966,869,896","17,366,921,286",1.78,-
608,2020/12/7,IWDA,71.83,"387,259,630","27,816,224,667","28,759,615,647",1.38,-
609,2020/12/7,DPYA,5.27,"22,048,883","116,221,752","2,328,658,192",2.96,-
610,2020/12/7,LQDA,6.49,"354,499,104","2,302,432,412","10,098,307,443",2.9,1.98%
611,2020/12/7,EMCA,6.04,"71,333,058","430,546,991","1,436,008,335",4.31,3.42%
612,2020/12/7,IUAA,5.87,"370,769,626","2,175,667,697","3,592,629,206",2.05,1.11%
613,2020/12/11,EIMI,34.62,"490,850,477","16,991,960,140","17,428,037,042",1.76,-
614,2020/12/13,EIMI,34.69,"490,850,477","17,026,503,717","17,463,467,135",1.76,-
615,2020/12/13,IWDA,71.36,"389,690,494","27,806,644,149","28,777,421,625",1.37,-
616,2020/12/13,DPYA,5.19,"22,998,883","119,357,733","2,305,275,529",2.97,-
617,2020/12/13,LQDA,6.5,"360,130,097","2,341,954,577","10,052,118,041",3.59,1.99%
618,2020/12/13,EMCA,6.07,"71,359,820","432,861,194","1,463,940,754",6.26,3.36%
619,2020/12/13,IUAA,5.89,"374,188,489","2,203,170,788","3,595,472,379",2.05,1.07%
620,2020/12/15,EIMI,34.69,"490,850,477","17,026,503,717","17,463,467,135",1.75,-
621,2020/12/15,IWDA,71.36,"389,690,494","27,806,644,149","28,777,421,625",1.38,-
622,2020/12/15,DPYA,5.19,"22,998,883","119,357,733","2,305,275,529",2.97,-
623,2020/12/15,LQDA,6.5,"360,130,097","2,341,954,577","10,052,118,041",3.59,1.99%
624,2020/12/15,EMCA,6.07,"71,359,820","432,861,194","1,463,940,754",6.25,3.34%
625,2020/12/15,IUAA,5.89,"374,188,489","2,203,170,788","3,595,472,379",2.05,1.06%
626,2020/12/15,EIMI,34.52,"490,850,477","16,943,296,281","17,378,124,288",1.75,-
627,2020/12/15,IWDA,71.29,"389,697,494","27,782,649,987","28,752,072,146",1.38,-
628,2020/12/15,DPYA,5.19,"22,998,883","119,252,261","2,303,238,105",2.97,-
629,2020/12/15,LQDA,6.51,"360,130,097","2,343,088,943","9,945,716,505",3.59,1.99%
630,2020/12/15,EMCA,6.07,"72,459,820","439,930,471","1,465,263,988",6.25,3.34%
631,2020/12/15,IUAA,5.89,"374,188,489","2,203,510,117","3,596,025,310",2.05,1.06%
632,2020/12/16,EIMI,34.51,"490,774,187","16,937,757,023","17,375,143,404",1.76,-
633,2020/12/16,IWDA,71.96,"392,366,481","28,232,935,267","29,238,404,910",1.38,-
634,2020/12/16,DPYA,5.26,"22,998,883","121,066,709","2,362,857,822",2.97,-
635,2020/12/16,LQDA,6.5,"360,130,097","2,339,654,003","9,859,242,789",2.8,1.98%
636,2020/12/16,EMCA,6.07,"72,559,820","440,723,588","1,465,884,721",3.99,3.31%
637,2020/12/16,IUAA,5.88,"372,092,513","2,188,948,186","3,592,382,480",2.05,1.05%
638,2020/12/18,EIMI,35.14,"490,650,238","17,243,860,010","17,693,619,675",1.74,-
639,2020/12/18,IWDA,72.81,"392,376,481","28,568,509,031","29,585,159,240",1.36,-
640,2020/12/18,DPYA,5.33,"23,745,845","126,479,129","2,385,888,762",2.91,-
641,2020/12/18,LQDA,6.52,"352,874,612","2,299,406,322","9,927,022,012",2.8,1.97%
642,2020/12/18,EMCA,6.09,"72,645,921","442,109,391","1,432,033,199",3.98,3.30%
643,2020/12/18,IUAA,5.89,"375,423,414","2,209,982,699","3,604,816,090",2.05,1.06%
644,2020/12/20,EIMI,35.03,"490,650,238","17,189,662,716","17,638,008,791",1.73,-
645,2020/12/20,IWDA,72.58,"393,171,481","28,537,792,549","29,556,761,541",1.36,-
646,2020/12/20,DPYA,5.22,"23,745,845","123,838,530","2,336,076,440",2.89,-
647,2020/12/20,LQDA,6.5,"353,609,586","2,299,805,457","9,840,031,408",2.8,1.96%
648,2020/12/20,EMCA,6.09,"74,013,214","450,392,290","1,431,769,448",3.98,3.28%
649,2020/12/20,IUAA,5.88,"375,423,414","2,208,502,800","3,602,398,666",2.05,1.05%
650,2020/12/22,EIMI,34.7,"490,604,464","17,024,045,262","17,469,701,470",1.74,-
651,2020/12/22,IWDA,72,"393,290,518","28,317,801,436","29,320,032,717",1.36,-
652,2020/12/22,DPYA,5.16,"23,895,845","123,224,976","2,319,540,339",2.95,-
653,2020/12/22,LQDA,6.5,"353,609,586","2,297,527,131","9,719,166,124",2.8,1.98%
654,2020/12/23,EIMI,34.45,"494,179,464","17,026,637,447","17,469,137,034",1.75,-
655,2020/12/23,IWDA,71.95,"393,160,272","28,289,485,461","29,300,251,270",1.37,-
656,2020/12/23,DPYA,5.18,"23,895,845","123,879,721","2,331,864,884",2.99,-
657,2020/12/23,LQDA,6.52,"349,609,586","2,278,125,611","9,721,300,842",2.81,1.99%
658,2020/12/23,EMCA,6.09,"74,163,214","451,307,350","1,431,779,524",3.98,3.28%
659,2020/12/23,IUAA,5.89,"375,423,414","2,211,494,887","3,607,278,873",2.05,1.06%
660,2020/12/27,EIMI,34.63,"493,786,366","17,099,816,144","17,558,184,283",1.76,-
661,2020/12/27,IWDA,72.39,"394,299,567","28,544,941,698","29,563,377,117",1.36,-
662,2020/12/27,DPYA,5.23,"23,895,845","125,090,371","2,354,651,657",2.94,-
663,2020/12/27,LQDA,6.52,"349,609,586","2,280,569,369","9,567,668,716",2.8,1.99%
664,2020/12/27,EMCA,6.09,"74,695,780","454,842,320","1,432,707,989",3.97,3.29%
665,2020/12/27,IUAA,5.89,"374,691,917","2,207,208,605","3,617,882,979",2.05,1.06%
666,2020/12/28,EIMI,34.63,"493,786,366","17,099,816,144","17,558,184,283",1.76,-
667,2020/12/28,IWDA,72.39,"394,299,567","28,544,941,698","29,563,377,117",1.36,-
668,2020/12/28,DPYA,5.23,"23,895,845","125,090,371","2,354,651,657",2.94,-
669,2020/12/28,LQDA,6.52,"349,609,586","2,280,569,369","9,567,668,716",2.8,1.96%
670,2020/12/28,EMCA,6.09,"74,695,780","454,842,320","1,432,707,989",3.97,3.27%
671,2020/12/28,IUAA,5.89,"374,691,917","2,207,208,605","3,617,882,979",2.05,1.04%
672,2020/12/29,EIMI,34.63,"493,786,366","17,099,816,144","17,558,184,283",1.76,-
673,2020/12/29,IWDA,72.39,"394,299,567","28,544,941,698","29,563,377,117",1.36,-
674,2020/12/29,DPYA,5.23,"23,895,845","125,090,371","2,354,651,657",2.94,-
675,2020/12/29,LQDA,6.52,"349,609,586","2,280,569,369","9,567,668,716",2.8,1.96%
676,2020/12/29,EMCA,6.09,"74,695,780","454,842,320","1,432,707,989",3.97,3.27%
677,2020/12/29,IUAA,5.89,"374,691,917","2,207,208,605","3,617,882,979",2.05,1.04%
678,2020/12/30,EIMI,35.06,"493,732,925","17,312,284,778","17,778,272,334",1.76,-
679,2020/12/30,IWDA,73.03,"394,708,755","28,824,344,743","29,853,553,002",1.36,-
680,2020/12/30,DPYA,5.27,"23,895,845","125,852,118","2,373,907,796",2.94,-
681,2020/12/30,LQDA,6.53,"349,609,586","2,283,720,264","9,580,883,543",2.8,1.96%
682,2020/12/30,EMCA,6.09,"74,695,780","455,157,056","1,433,698,937",3.97,3.27%
683,2020/12/30,IUAA,5.89,"374,691,917","2,207,894,662","3,619,004,484",2.05,1.04%
684,2020/12/31,EIMI,35.65,"493,732,925","17,599,766,277","18,073,491,853",1.73,-
685,2020/12/31,IWDA,73.14,"394,708,755","28,869,223,874","29,900,032,397",1.35,-
686,2020/12/31,DPYA,5.3,"23,895,845","126,601,060","2,388,034,839",2.93,-
687,2020/12/31,LQDA,6.54,"347,109,586","2,269,476,266","9,589,695,823",2.79,1.94%
688,2020/12/31,EMCA,6.1,"74,945,780","456,893,525","1,434,361,744",3.97,3.26%
689,2020/12/31,IUAA,5.9,"374,669,126","2,209,527,563","3,621,899,288",2.05,1.04%
690,2021/1/2,EIMI,35.7,"493,671,892","17,625,699,726","18,102,361,052",1.7,-
691,2021/1/2,IWDA,73.25,"394,998,755","28,934,257,294","29,966,623,689",1.35,-
692,2021/1/2,DPYA,5.31,"23,895,845","126,933,059","2,389,338,118",2.9,-
693,2021/1/2,LQDA,6.56,"347,109,586","2,276,326,220","9,565,855,790",2.78,1.93%
694,2021/1/2,EMCA,6.1,"75,045,780","457,712,703","1,435,012,386",3.97,3.26%
695,2021/1/2,IUAA,5.9,"374,654,672","2,211,536,737","3,625,331,955",2.05,1.04%
696,2021/1/3,EIMI,35.7,"493,671,892","17,625,699,726","18,102,361,052",1.7,-
697,2021/1/3,IWDA,73.25,"394,998,755","28,934,257,294","29,966,623,689",1.35,-
698,2021/1/3,DPYA,5.31,"23,895,845","126,933,059","2,389,338,118",2.9,-
699,2021/1/3,LQDA,6.56,"347,109,586","2,276,326,220","9,565,855,790",2.78,1.93%
700,2021/1/3,EMCA,6.1,"75,045,780","457,712,703","1,435,012,386",3.97,3.26%
701,2021/1/3,IUAA,5.9,"374,654,672","2,211,536,737","3,625,331,955",2.05,1.04%
702,2021/1/4,EIMI,35.7,"493,671,892","17,625,699,726","18,102,361,052",1.7,-
703,2021/1/6,EIMI,36.48,"493,671,892","18,009,752,701","18,496,800,179",1.68,-
704,2021/1/6,IWDA,73.1,"395,071,280","28,879,974,813","29,919,889,906",1.36,-
705,2021/1/7,EIMI,36.36,"496,718,892","18,061,285,177","18,545,930,086",1.67,-
706,2021/1/7,IWDA,73.53,"397,226,280","29,206,722,630","30,254,169,390",1.35,-
707,2021/1/7,DPYA,5.23,"24,095,845","125,921,909","2,356,520,901",2.96,-
708,2021/1/7,LQDA,6.44,"346,565,980","2,231,509,493","9,460,359,975",2.81,1.97%
709,2021/1/7,EMCA,6.09,"75,360,527","458,767,302","1,436,166,277",3.96,3.24%
710,2021/1/9,EIMI,36.56,"496,718,892","18,162,266,986","18,649,621,576",1.66,-
711,2021/1/9,IWDA,74.48,"399,111,280","29,726,028,278","30,787,060,542",1.33,-
712,2021/1/9,DPYA,5.2,"24,095,845","125,278,288","2,344,475,666",2.96,-
713,2021/1/9,LQDA,6.44,"346,368,732","2,232,160,108","9,447,759,425",2.83,2.04%
714,2021/1/9,EMCA,6.08,"75,386,527","458,457,599","1,434,701,099",3.98,3.31%
715,2021/1/9,IUAA,5.85,"374,653,581","2,192,966,306","3,603,426,267",2.06,1.10%
716,2021/1/11,EIMI,37.37,"496,718,892","18,560,484,742","19,058,524,851",1.66,-
717,2021/1/11,IWDA,75,"399,877,510","29,992,143,313","31,079,275,826",1.33,-
718,2021/1/11,DPYA,5.23,"24,095,845","125,949,702","2,357,040,539",2.96,-
719,2021/1/11,LQDA,6.44,"347,368,732","2,236,784,700","9,381,131,973",2.83,2.04%
720,2021/1/11,EMCA,6.07,"75,715,856","459,867,143","1,432,854,216",3.98,3.31%
721,2021/1/11,IUAA,5.85,"373,989,820","2,186,666,660","3,599,452,288",2.06,1.10%
722,2021/1/11,EIMI,37.37,"496,718,892","18,560,484,742","19,058,524,851",1.66,-
723,2021/1/11,IWDA,75,"399,877,510","29,992,143,313","31,079,275,826",1.33,-
724,2021/1/11,DPYA,5.23,"24,095,845","125,949,702","2,357,040,539",2.96,-
725,2021/1/11,LQDA,6.44,"347,368,732","2,236,784,700","9,381,131,973",2.83,2.05%
726,2021/1/11,EMCA,6.07,"75,715,856","459,867,143","1,432,854,216",3.98,3.35%
727,2021/1/11,IUAA,5.85,"373,989,820","2,186,666,660","3,599,452,288",2.06,1.12%
728,2021/1/12,EIMI,37.24,"500,755,900","18,646,272,850","19,248,258,985",1.66,-
729,2021/1/12,IWDA,74.37,"399,833,041","29,735,479,496","30,816,739,483",1.33,-
730,2021/1/12,DPYA,5.16,"24,095,845","124,346,106","2,331,848,468",2.96,-
731,2021/1/12,LQDA,6.42,"346,362,756","2,224,906,198","9,326,107,690",2.83,2.05%
732,2021/1/12,EMCA,6.06,"75,615,856","458,606,286","1,430,815,403",3.98,3.35%
733,2021/1/12,IUAA,5.84,"374,169,820","2,185,185,020","3,595,281,345",2.06,1.12%
734,2021/1/13,EIMI,37.34,"500,214,242","18,677,878,810","19,301,763,899",1.63,-
735,2021/1/13,IWDA,74.49,"399,833,041","29,783,960,304","30,866,979,544",1.32,-
736,2021/1/13,DPYA,5.17,"24,095,845","124,567,814","2,336,005,905",2.99,-
737,2021/1/13,LQDA,6.42,"346,422,756","2,225,372,861","9,336,784,560",2.84,2.07%
738,2021/1/13,EMCA,6.05,"75,615,856","457,571,688","1,427,591,179",3.99,3.37%
739,2021/1/13,IUAA,5.84,"371,341,820","2,168,155,001","3,578,080,275",2.07,1.14%
740,2021/1/17,EIMI,37.46,"500,198,984","18,738,449,717","19,364,948,710",1.61,-
741,2021/1/17,IWDA,73.96,"399,438,790","29,543,532,062","30,645,313,375",1.57,-
742,2021/1/17,DPYA,5.27,"24,285,899","128,079,299","2,387,983,536",2.93,-
743,2021/1/17,LQDA,6.47,"335,873,739","2,173,204,829","9,254,735,812",2.82,2.03%
744,2021/1/17,EMCA,6.07,"90,192,517","547,297,545","1,516,513,105",3.99,3.38%
745,2021/1/17,IUAA,5.86,"371,287,757","2,174,652,162","3,589,309,887",2.06,1.13%
746,2021/1/19,EIMI,37.46,"500,198,984","18,739,789,068","19,366,332,841",1.62,-
747,2021/1/19,IWDA,73.93,"401,015,140","29,646,796,020","30,770,735,521",1.58,-
748,2021/1/19,DPYA,5.28,"24,273,673","128,073,549","2,389,078,496",2.92,-
749,2021/1/19,LQDA,6.47,"335,873,739","2,173,366,349","9,265,834,523",2.82,2.01%
750,2021/1/19,EMCA,6.07,"90,492,517","549,168,082","1,527,094,627",3.99,3.36%
751,2021/1/19,IUAA,5.86,"371,287,757","2,174,746,732","3,589,462,198",2.06,1.10%
752,2021/1/21,EIMI,38.07,"500,168,468","19,040,008,458","19,677,790,236",1.6,-
753,2021/1/21,IWDA,74.45,"401,015,140","29,854,679,062","30,986,496,415",1.31,-
754,2021/1/21,DPYA,5.27,"24,273,673","128,021,113","2,388,100,242",2.92,-
755,2021/1/21,LQDA,6.48,"335,873,739","2,176,230,432","9,278,043,764",2.81,2.00%
756,2021/1/21,EMCA,6.07,"90,492,517","549,213,795","1,527,220,925",3.99,3.35%
757,2021/1/21,IUAA,5.86,"371,287,757","2,176,517,112","3,592,383,630",2.06,1.09%
758,2021/1/21,EIMI,38.58,"500,180,675","19,295,053,106","19,940,891,443",1.6,-
759,2021/1/21,IWDA,75.24,"402,253,857","30,264,382,307","31,511,614,144",1.31,-
760,2021/1/21,DPYA,5.34,"24,273,673","129,565,431","2,416,907,887",2.92,-
761,2021/1/21,LQDA,6.48,"335,521,165","2,174,164,845","9,232,044,950",2.81,2.00%
762,2021/1/21,EMCA,6.07,"90,579,984","550,220,603","1,528,553,631",3.99,3.35%
763,2021/1/21,IUAA,5.86,"370,733,187","2,173,770,969","3,593,217,683",2.06,1.09%
764,2021-01-23,EIMI,38.36,"499,722,934","19,170,703,316","19,830,527,515",1.57,-
765,2021-01-23,IWDA,75.08,"402,451,026","30,214,938,278","31,520,483,394",1.30,-
766,2021-01-23,DPYA,5.31,"24,273,673","128,848,140","2,215,189,383",2.90,-
767,2021-01-23,LQDA,6.45,"335,375,333","2,164,059,113","8,956,851,012",2.82,2.04%
768,2021-01-23,EMCA,6.08,"94,500,785","574,300,064","1,541,418,103",3.98,3.32%
769,2021-01-23,IUAA,5.86,"372,733,187","2,183,251,401","3,589,521,023",2.06,1.10%
770,2021-01-24,EIMI,38.36,"499,722,934","19,170,703,316","19,830,527,515",1.57,-
771,2021-01-24,IWDA,75.08,"402,451,026","30,214,938,278","31,520,483,394",1.30,-
772,2021-01-25,EIMI,38.36,"499,722,934","19,170,703,316","19,830,527,515",1.57,-
773,2021-01-25,IWDA,75.08,"402,451,026","30,214,938,278","31,520,483,394",1.30,-
774,2021-01-25,DPYA,5.31,"24,273,673","128,848,140","2,215,189,383",2.90,-
775,2021-01-25,LQDA,6.45,"335,375,333","2,164,059,113","8,956,851,012",2.82,2.04%
776,2021-01-25,EMCA,6.08,"94,500,785","574,300,064","1,541,418,103",3.98,3.33%
777,2021-01-25,IUAA,5.86,"372,733,187","2,183,251,401","3,589,521,023",2.06,1.09%
778,2021-01-26,EIMI,38.81,"499,722,934","19,392,384,800","20,059,838,912",1.59,-
779,2021-01-27,EIMI,38.25,"499,722,934","19,116,200,736","19,774,149,045",1.57,-
780,2021-01-27,IWDA,75.04,"404,142,154","30,325,313,579","31,687,730,481",1.30,-
781,2021-01-27,DPYA,5.35,"24,273,673","129,768,115","2,221,022,715",2.90,-
782,2021-01-27,LQDA,6.48,"333,966,948","2,162,699,204","9,030,679,574",2.82,2.01%
783,2021-01-27,EMCA,6.09,"94,097,108","572,948,613","1,544,390,322",3.98,3.30%
784,2021-01-27,IUAA,5.87,"372,863,548","2,188,082,296","3,596,203,333",2.06,1.07%
785,2021-01-28,EIMI,37.80,"499,722,934","18,889,612,436","19,539,761,947",1.59,-
786,2021-01-28,IWDA,73.41,"404,289,631","29,678,246,936","31,032,191,467",1.30,-
787,2021-01-28,DPYA,5.29,"24,273,673","128,511,907","2,199,522,082",2.88,-
788,2021-01-28,LQDA,6.48,"333,211,641","2,158,338,666","8,863,484,619",2.82,2.01%
789,2021-01-28,EMCA,6.09,"94,097,108","572,786,923","1,543,956,548",3.97,3.28%
790,2021-01-28,IUAA,5.87,"372,700,949","2,187,714,108","3,597,169,032",2.06,1.07%
791,2021-01-29,EIMI,37.25,"499,722,934","18,615,769,114","19,256,493,386",1.61,-
792,2021-01-29,IWDA,73.86,"404,060,005","29,841,862,088","31,220,955,846",1.33,-
793,2021-01-29,DPYA,5.31,"24,273,673","128,916,317","2,206,443,563",2.91,-
794,2021-01-29,LQDA,6.46,"333,211,641","2,153,477,095","8,853,920,334",2.81,2.01%
795,2021-01-29,EMCA,6.08,"93,197,108","567,035,268","1,543,161,717",3.98,3.30%
796,2021-01-29,IUAA,5.86,"372,700,949","2,185,557,766","3,593,622,848",2.06,1.07%
797,2021-01-30,EIMI,36.69,"499,688,604","18,333,718,748","18,966,038,270",1.63,-
798,2021-01-30,IWDA,72.53,"404,060,005","29,305,572,136","30,659,878,366",1.32,-
799,2021-01-30,DPYA,5.27,"24,273,673","127,886,467","2,188,817,239",2.90,-
800,2021-01-30,LQDA,6.44,"332,791,641","2,144,444,024","8,814,294,701",2.82,2.03%
801,2021-01-30,EMCA,6.08,"93,497,108","568,533,784","1,549,618,490",3.98,3.32%
802,2021-01-30,IUAA,5.86,"370,985,949","2,173,338,826","3,580,005,570",2.06,1.09%
803,2021-01-31,EIMI,36.69,"499,688,604","18,333,718,748","18,966,038,270",1.63,-
804,2021-02-01,EIMI,36.69,"499,688,604","18,333,718,748","18,966,038,270",1.63,-
805,2021-02-01,IWDA,72.53,"404,060,005","29,305,572,136","30,659,878,366",1.32,-
806,2021-02-01,DPYA,5.27,"24,273,673","127,886,467","2,188,817,239",2.90,-
807,2021-02-01,LQDA,6.44,"332,791,641","2,144,444,024","8,814,294,701",2.82,2.06%
808,2021-02-01,EMCA,6.08,"93,497,108","568,533,784","1,549,618,490",3.98,3.35%
809,2021-02-01,IUAA,5.86,"370,985,949","2,173,338,826","3,580,005,570",2.06,1.11%
810,2021-02-03,EIMI,37.54,"499,673,346","18,756,476,081","19,403,968,775",1.62,-
811,2021-02-03,IWDA,73.51,"404,123,307","29,708,404,169","31,111,142,397",1.33,-
812,2021-02-03,DPYA,5.32,"24,353,673","129,600,358","2,211,111,245",2.90,-
813,2021-02-03,LQDA,6.45,"330,791,641","2,133,300,186","8,760,084,793",2.83,2.05%
814,2021-02-03,EMCA,6.09,"93,497,108","568,976,569","1,557,927,941",3.98,3.33%
815,2021-02-03,IUAA,5.86,"371,648,235","2,178,510,258","3,579,557,945",2.06,1.08%
816,2021-02-03,EIMI,38.10,"499,673,346","19,038,136,600","19,695,352,502",1.62,-
817,2021-02-03,IWDA,74.44,"404,123,307","30,083,127,159","31,503,553,757",1.33,-
818,2021-02-03,DPYA,5.33,"24,353,673","129,863,562","2,215,601,534",2.90,-
819,2021-02-03,LQDA,6.44,"325,621,115","2,095,716,469","8,587,143,428",2.83,2.05%
820,2021-02-03,EMCA,6.09,"101,764,437","619,780,199","1,673,713,679",3.98,3.33%
821,2021-02-03,IUAA,5.85,"370,409,700","2,168,180,850","3,574,496,889",2.06,1.08%
822,2021-02-04,EIMI,38.42,"499,673,346","19,196,179,060","19,858,850,749",1.60,-
823,2021-02-04,IWDA,74.61,"403,871,309","30,131,006,072","31,573,284,403",1.31,-
824,2021-02-04,DPYA,5.34,"24,703,809","131,946,282","2,249,146,106",2.89,-
825,2021-02-04,LQDA,6.43,"324,621,115","2,085,934,978","8,573,376,186",2.83,2.07%
826,2021-02-04,EMCA,6.09,"102,072,024","621,811,120","1,674,134,831",3.97,3.31%
827,2021-02-04,IUAA,5.84,"370,409,700","2,164,416,241","3,568,289,715",2.06,1.09%
828,2021-02-05,EIMI,38.29,"499,673,346","19,130,891,453","19,791,309,347",1.58,-
829,2021-02-05,IWDA,75.15,"403,789,009","30,344,637,724","31,803,569,955",1.31,-
830,2021-02-05,DPYA,5.35,"24,703,809","132,243,888","2,254,218,974",2.89,-
831,2021-02-05,LQDA,6.43,"318,457,050","2,048,285,672","8,527,234,035",2.84,2.08%
832,2021-02-05,EMCA,6.09,"102,722,021","626,050,219","1,678,551,324",3.97,3.30%
833,2021-02-05,IUAA,5.84,"372,672,960","2,177,972,370","3,579,410,419",2.07,1.11%
834,2021-02-06,EIMI,38.50,"499,673,346","19,237,155,838","19,901,242,087",1.59,-
835,2021-02-06,IWDA,75.58,"404,758,186","30,593,366,450","32,064,183,402",1.30,-
836,2021-02-09,EIMI,38.65,"499,673,346","19,311,647,214","19,978,304,981",1.58,-
837,2021-02-09,IWDA,76.20,"403,387,404","30,737,479,233","32,358,235,020",1.29,-
838,2021-02-09,DPYA,5.40,"24,703,809","133,474,225","2,285,280,449",2.86,-
839,2021-02-09,LQDA,6.44,"313,030,738","2,016,764,618","8,515,663,105",2.84,2.08%
840,2021-02-09,EMCA,6.10,"104,722,021","639,047,351","1,692,880,537",3.97,3.27%
841,2021-02-09,IUAA,5.84,"371,927,620","2,172,848,957","3,618,217,834",2.07,1.10%
842,2021-02-11,EIMI,39.26,"499,446,704","19,608,646,763","20,294,762,597",1.55,-
843,2021-02-11,IWDA,76.33,"404,650,739","30,888,335,196","32,515,142,058",1.28,-
844,2021-02-11,DPYA,5.46,"24,823,809","135,528,941","2,309,242,578",2.82,-
845,2021-02-11,LQDA,6.45,"314,439,110","2,028,203,768","8,558,058,634",2.83,2.04%
846,2021-02-11,EMCA,6.11,"103,373,388","631,430,950","1,694,532,052",3.96,3.24%
847,2021-02-11,IUAA,5.85,"373,313,438","2,184,775,452","3,635,722,628",2.06,1.08%
848,2021-02-12,EIMI,39.40,"499,446,704","19,678,926,674","20,367,501,635",1.55,-
849,2021-02-12,IWDA,76.52,"404,640,232","30,962,873,727","32,594,451,625",1.28,-
850,2021-02-12,DPYA,5.48,"24,823,809","136,028,048","2,307,935,956",2.82,-
851,2021-02-12,LQDA,6.44,"315,230,563","2,029,100,808","8,520,342,773",2.83,2.04%
852,2021-02-12,EMCA,6.11,"103,413,388","632,285,077","1,696,169,969",3.96,3.24%
853,2021-02-12,IUAA,5.85,"375,613,438","2,196,079,675","3,632,155,216",2.06,1.08%
854,2021-02-13,EIMI,39.43,"499,446,704","19,694,075,836","20,383,180,873",1.54,-
855,2021-02-13,IWDA,76.84,"404,640,232","31,092,863,300","32,731,287,236",1.28,-
856,2021-02-13,DPYA,5.48,"24,823,809","136,044,202","2,308,209,998",3.40,-
857,2021-02-13,LQDA,6.41,"313,286,055","2,007,771,689","8,457,473,494",2.83,2.06%
858,2021-02-13,EMCA,6.11,"102,871,989","628,579,519","1,703,517,496",3.96,3.23%
859,2021-02-13,IUAA,5.83,"375,803,982","2,190,903,870","3,621,757,101",2.07,1.09%
860,2021-02-15,EIMI,39.43,"499,446,704","19,694,075,836","20,383,180,873",1.54,-
861,2021-02-15,IWDA,76.84,"404,640,232","31,092,863,300","32,731,287,236",1.28,-
862,2021-02-15,DPYA,5.48,"24,823,809","136,044,202","2,308,209,998",3.40,-
863,2021-02-15,LQDA,6.41,"313,286,055","2,007,771,689","8,457,473,494",2.83,2.09%
864,2021-02-15,EMCA,6.11,"102,871,989","628,579,519","1,703,517,496",3.96,3.23%
865,2021-02-15,IUAA,5.83,"375,803,982","2,190,903,870","3,621,757,101",2.07,1.13%
866,2021-02-16,EIMI,39.68,"499,446,704","19,818,413,057","20,511,868,712",1.54,-
867,2021-02-16,IWDA,77.13,"404,640,232","31,211,790,787","32,856,466,744",1.27,-
868,2021-02-16,DPYA,5.49,"24,823,809","136,395,980","2,314,178,024",3.40,-
869,2021-02-16,LQDA,6.41,"313,486,055","2,009,204,830","8,458,108,834",2.85,2.09%
870,2021-02-16,EMCA,6.11,"103,584,498","632,986,149","1,715,223,669",3.96,3.23%
871,2021-02-16,IUAA,5.83,"376,168,272","2,193,146,411","3,632,446,731",2.07,1.13%
872,2021-02-19,EIMI,39.89,"499,057,625","19,907,302,317","20,619,931,742",1.52,-
873,2021-02-19,IWDA,76.77,"406,612,747","31,217,684,871","32,881,455,002",1.27,-
874,2021-02-19,DPYA,5.46,"24,823,809","135,589,394","2,300,488,913",2.68,-
875,2021-02-19,LQDA,6.39,"311,882,463","1,991,387,743","8,435,201,396",2.86,2.13%
876,2021-02-19,EMCA,6.10,"103,584,498","631,637,049","1,711,567,606",3.97,3.24%
877,2021-02-19,IUAA,5.81,"374,128,892","2,175,550,690","3,573,569,080",2.08,1.20%
878,2021-02-19,EIMI,39.39,"499,063,728","19,656,864,300","20,360,279,702",1.52,-
879,2021-02-19,IWDA,76.43,"406,483,614","31,066,025,156","32,732,070,363",1.27,-
880,2021-02-19,DPYA,5.43,"24,823,809","134,746,184","2,286,182,475",2.68,-
881,2021-02-19,LQDA,6.39,"311,924,812","1,993,774,299","8,401,723,694",2.86,2.13%
882,2021-02-19,EMCA,6.10,"110,584,498","675,051,392","1,790,393,842",3.97,3.24%
883,2021-02-19,IUAA,5.81,"373,881,185","2,173,935,278","3,573,281,128",2.08,1.20%
884,2021-02-22,EIMI,39.52,"499,063,728","19,722,935,195","20,428,714,926",1.54,-
885,2021-02-22,IWDA,76.53,"406,483,614","31,106,912,695","32,775,143,720",1.28,-
886,2021-02-22,DPYA,5.46,"24,823,809","135,466,040","2,298,395,657",2.69,-
887,2021-02-22,LQDA,6.36,"311,121,824","1,977,631,132","8,304,683,281",2.85,2.17%
888,2021-02-22,EMCA,6.10,"110,584,498","674,367,889","1,788,628,781",3.96,3.24%
889,2021-02-22,IUAA,5.80,"374,049,939","2,168,247,195","3,562,320,210",2.08,1.22%
890,2021-02-23,EIMI,38.68,"499,063,728","19,304,366,906","19,995,168,286",1.54,-
891,2021-02-23,IWDA,76.03,"406,483,614","30,906,294,124","32,563,751,232",1.28,-
892,2021-02-23,DPYA,5.51,"24,823,809","136,798,497","2,321,002,438",2.68,-
893,2021-02-24,EIMI,38.69,"499,063,728","19,309,558,164","20,000,545,312",1.57,-
894,2021-02-24,IWDA,76.07,"406,483,614","30,919,443,417","32,577,601,995",1.29,-
895,2021-02-24,DPYA,5.58,"24,804,558","138,532,655","2,357,434,686",2.65,-
896,2021-02-24,LQDA,6.30,"310,623,522","1,955,909,101","8,258,314,554",2.89,2.21%
897,2021-02-24,EMCA,6.08,"110,438,680","671,753,576","1,799,756,401",3.98,3.29%
898,2021-02-24,IUAA,5.78,"375,405,656","2,169,184,415","3,528,971,881",2.09,1.26%
899,2021-02-25,EIMI,38.11,"499,139,179","19,023,170,824","19,700,931,172",1.57,-
900,2021-02-25,IWDA,76.43,"407,788,614","31,167,317,865","32,833,414,734",1.29,-
901,2021-02-25,DPYA,5.62,"24,804,558","139,491,269","2,373,747,361",2.62,-
902,2021-02-25,LQDA,6.29,"310,623,522","1,954,536,481","8,184,146,525",2.90,2.24%
903,2021-02-25,EMCA,6.08,"110,338,680","670,738,245","1,798,660,880",3.98,3.28%
904,2021-02-25,IUAA,5.77,"375,605,629","2,167,787,682","3,535,209,780",2.09,1.26%
